课程代码,课程名称,开课院系,课程性质,课程类别,学分,教师信息
B3J230110,MOOC（一）,高等理工学院,选修,一般专业类,1.0,吴文峻
B3J230120,MOOC（二）,高等理工学院,选修,一般专业类,2.0,吴文峻
B3J230130,MOOC（三）,高等理工学院,选修,一般专业类,3.0,吴文峻
B3J202910,案例实务,法学院,选修,一般专业类,1.0,吉冠浩+王  琦+黄  卉+刘  颖+明  辉+康子兴
B1A043230,复变函数,能源与动力工程学院,选修,一般专业类,2.0,李绍斌+王  强
B3I09312A,拓扑学引论,数学与系统科学学院,必修,一般专业类,3.0,严夺魁+梁湘玉
B3I09331A,最优化理论与算法,数学与系统科学学院,必修,一般专业类,3.0,韩德仁
B3I123510,修辞学导论,外国语学院,选修,一般专业类,2.0,钱多秀
B3I123520,公众演讲,外国语学院,选修,一般专业类,2.0,Franny Solnic
B3I123530,体裁写作,外国语学院,选修,一般专业类,2.0,李英梅+孙洪丽
B3I123550,美国研究,外国语学院,选修,一般专业类,2.0,胥国红
B3I123710,英汉交替传译（1）,外国语学院,选修,一般专业类,2.0,胥国红
B3I123720,汉英交替传译（1）,外国语学院,选修,一般专业类,2.0,王  沛
B3I123730,计算机辅助翻译,外国语学院,选修,一般专业类,2.0,钱多秀
B3I123740,英汉语言对比,外国语学院,选修,一般专业类,2.0,王义娜
B3I123750,翻译概论,外国语学院,选修,一般专业类,2.0,文  军
B3I123770,文学翻译,外国语学院,选修,一般专业类,2.0,彭  予
B3I123790,新闻编译,外国语学院,选修,一般专业类,2.0,钱多秀
B3I13362B,金属与复合材料力学分析,交通科学与工程学院,选修,一般专业类,2.0,潘  强
B3I13368B,矢量与张量引论,交通科学与工程学院,选修,一般专业类,2.0,张艳来
B3J013360,金属材料制备原理及工艺,材料科学与工程学院,选修,一般专业类,2.0,蒋成保
B3J013370,无机非金属材料制备原理及工艺,材料科学与工程学院,选修,一般专业类,2.0,张  跃
B3J013380,高分子及复合材料制备基础,材料科学与工程学院,选修,一般专业类,2.0,顾轶卓
B3J013390,材料成型原理及工艺,材料科学与工程学院,选修,一般专业类,2.0,周铁涛+吴国清
B3J014510,分析化学,材料科学与工程学院,选修,一般专业类,2.0,李松梅+杜  娟
B3J014710,结构化学（B）,材料科学与工程学院,选修,一般专业类,2.0,杨  光
B3J014720,界面化学,材料科学与工程学院,选修,一般专业类,2.0,王小群
B3J033010,自动化专业导论,自动化科学与电气工程学院,必修,一般专业类,1.0,霍  伟+吴云洁+王少萍+袁海文+秦世引+段海滨+吕金虎
B3J033270,传感器与测试技术基础,自动化科学与电气工程学院,选修,一般专业类,2.0,闫  蓓
B3J033350,机电工程创新设计导论,自动化科学与电气工程学院,选修,一般专业类,1.0,焦宗夏+尚耀星
B3J033390,航空系统工程,自动化科学与电气工程学院,选修,一般专业类,2.0,王英勋
B3J033530,计算机网络与通讯,自动化科学与电气工程学院,选修,一般专业类,1.5,段海滨+马耀飞
B3J033550,虚拟现实技术,自动化科学与电气工程学院,选修,一般专业类,1.5,赵永嘉
B3J033570,应用离散数学,自动化科学与电气工程学院,选修,一般专业类,2.0,郑  征
B3J033810,信息理论与技术基础,自动化科学与电气工程学院,选修,一般专业类,2.0,陶  飞
B3J043940,计算机软件技术基础,能源与动力工程学院,选修,一般专业类,2.0,岳  明
B3J05011A,航空发动机原理及应用,航空科学与工程学院,选修,一般专业类,1.5,周尧明+祝  明+陶国权
B3J05014A,飞行器适航基础,航空科学与工程学院,选修,一般专业类,1.0,邓志诚+姜晓爱
B3J05020A,航空工程大型通用软件应用（1）,航空科学与工程学院,选修,一般专业类,1.5,吴永康+焦起祥+周  越+邹  辉+罗明强+姜振华
B3J05023A,结构设计适航基础,航空科学与工程学院,选修,一般专业类,2.0,徐伟强
B3J05026A,损伤容限设计,航空科学与工程学院,选修,一般专业类,1.0,张纪奎
B3J05027A,微小型飞行器创新设计与实践,航空科学与工程学院,选修,一般专业类,2.0,吴永康+焦起祥+王维军+黄  俊+万志强+王耀坤
B3J05039A,空气动力学B（2）,航空科学与工程学院,选修,一般专业类,2.0,吴宗成+郭  辉+高振勋+胡天翔+潘  翀
B3J05041AL,计算流体力学（留学生英文课）,航空科学与工程学院,选修,一般专业类,2.0,兰世隆
B3J05045A,水动力学基础,航空科学与工程学院,选修,一般专业类,2.0,马  亮
B3J05066A,矢量、场论及张量初步,航空科学与工程学院,选修,一般专业类,2.0,张  铮
B3J05070A,振动力学基础,航空科学与工程学院,选修,一般专业类,2.0,邢誉峰
B3J05083A,换热器设计,航空科学与工程学院,选修,一般专业类,1.0,高红霞
B3J05092B,张量计算初步及其在力学中的应用,航空科学与工程学院,选修,一般专业类,3.0,陈来文
B3J05101A,人工智能及其航空应用,航空科学与工程学院,选修,一般专业类,2.0,张云飞+王黎静+祝  明+李  可+邓志诚
B3J05391A,水波方程与非线性可积系统,航空科学与工程学院,选修,一般专业类,2.0,于  鑫
B3J063310,信号与系统,计算机学院,选修,一般专业类,2.0,张永飞
B3J063810,高级语言程序设计（2）,计算机学院,选修,一般专业类,2.0,尹宝林
B3J063840,具体数学,计算机学院,选修,一般专业类,1.5,赵启阳
B3J063850,移动计算导论,计算机学院,选修,一般专业类,1.5,牛建伟+阮  利+盛  浩
B3J063860,Android平台开发技术,计算机学院,选修,一般专业类,2.0,张  炯
B3J063870,数据挖据导论,计算机学院,选修,一般专业类,2.0,王静远
B3J063880,机器学习导论,计算机学院,选修,一般专业类,2.0,张永飞+王静远+黄  迪
B3J063892,无线网络系统,计算机学院,选修,一般专业类,2.0,白跃彬
B3J063894,智能计算体系结构,计算机学院,选修,一般专业类,2.0,杨建磊
B3J063895,大数据科学导论,计算机学院,选修,一般专业类,1.5,吴文峻
B3J064810,RFID与无线传感器网络,计算机学院,选修,一般专业类,2.0,尚利宏+欧阳元新
B3J064850,专业基础与技能拓展,计算机学院,选修,一般专业类,2.0,高小鹏
B3J073710,产品设计(1),机械工程及自动化学院,选修,一般专业类,2.5,刘静华+尹  虎
B3J073750,环境设计(1),机械工程及自动化学院,选修,一般专业类,2.0,张  融
B3J073760,展示设计,机械工程及自动化学院,选修,一般专业类,2.0,张  融+魏晓东
B3J082350,ERP沙盘模拟实验,经济管理学院,选修,一般专业类,1.5,曹  明+韩小汀
B3J082630,职业能力提升-求职技能,经济管理学院,选修,一般专业类,0.5,牟  晖
B3J083410,可用性工程,经济管理学院,选修,一般专业类,2.0,周荣刚
B3J083430,跨文化管理,经济管理学院,选修,一般专业类,1.5,方  虹
B3J083450,商务口语,经济管理学院,选修,一般专业类,2.0,李  卫
B3J083470,数据库技术基础,经济管理学院,选修,一般专业类,2.0,何玉敏
B3J083490,系统分析与评价,经济管理学院,选修,一般专业类,2.0,罗开平
B3J083520,知识管理概论,经济管理学院,选修,一般专业类,1.5,王  君
B3J09311A,计算几何,数学与系统科学学院,选修,一般专业类,2.0,张思容
B3J09331A,三年级研讨课（1）,数学与系统科学学院,选修,一般专业类,1.0,刘铁钢+王  鹏+张  筱+佘志坤+郭定辉+王进良+杨义川
B3J100170,酶工程,生物与医学工程学院,选修,一般专业类,1.0,李  萍
B3J113150,政府公共关系与危机管理,人文社会科学学院,选修,一般专业类,2.0,贾哲敏
B3J113160,公务员制度,人文社会科学学院,选修,一般专业类,2.0,谢凌玲
B3J113210,地方政府管理,人文社会科学学院,选修,一般专业类,2.0,涂晓芳
B3J113220,公共部门决策理论与方法,人文社会科学学院,选修,一般专业类,2.0,陈文博
B3J113230,比较政府与政治,人文社会科学学院,选修,一般专业类,2.0,任丙强
B3J113240,计算机网络与应用,人文社会科学学院,选修,一般专业类,2.0,简南红
B3J113410,变态心理学,人文社会科学学院,选修,一般专业类,2.0,王慧琳
B3J113730,法经济学,人文社会科学学院,选修,一般专业类,2.0,黄  岩
B3J113840,外国税制,人文社会科学学院,选修,一般专业类,2.0,韩  霞
B3J113890,项目管理,人文社会科学学院,选修,一般专业类,2.0,侯琳琳
B3J113920,计量实验课,人文社会科学学院,选修,一般专业类,2.0,刘美芳
B3J114430,航空航天心理学,人文社会科学学院,选修,一般专业类,2.0,邓丽芳
B3J123110,语音与音系,外国语学院,选修,一般专业类,2.0,袁  野
B3J123120,语义学,外国语学院,选修,一般专业类,2.0,王洪磊
B3J123150,认知语言学,外国语学院,选修,一般专业类,2.0,李福印
B3J123170,德语国家国情,外国语学院,选修,一般专业类,2.0,Barbara Nowara
B3J123180,德语写作（2）,外国语学院,选修,一般专业类,2.0,Barbara Nowara
B3J123190,德语文学流派,外国语学院,选修,一般专业类,2.0,吴晓樵
B3J123191,高级德语口语（1）,外国语学院,选修,一般专业类,2.0,Barbara Nowara
B3J123220,语用学,外国语学院,选修,一般专业类,2.0,任  伟
B3J123230,计算语言学,外国语学院,选修,一般专业类,2.0,梁茂成
B3J123310,英国文学史,外国语学院,选修,一般专业类,2.0,张继琴
B3J123320,美国文学史,外国语学院,选修,一般专业类,2.0,李  英
B3J123330,英诗赏析,外国语学院,选修,一般专业类,2.0,顿  超
B3J123350,英语短篇小说,外国语学院,选修,一般专业类,2.0,邢春丽
B3J123360,英语国家文学,外国语学院,选修,一般专业类,2.0,黄重凤
B3J13271A,房屋建筑学,交通科学与工程学院,选修,一般专业类,4.5,白  音
B3J13272A,水力学,交通科学与工程学院,选修,一般专业类,1.0,郑晓宁
B3J13312A,工程仿真软件基础,交通科学与工程学院,选修,一般专业类,1.0,胡大勇
B3J13316A,汽车材料,交通科学与工程学院,选修,一般专业类,2.0,许  骏
B3J13321A,液压与气动基础,交通科学与工程学院,选修,一般专业类,2.0,王  岩
B3J13324A,有限元基础,交通科学与工程学院,选修,一般专业类,1.5,刘艳芳
B3J13336A,交通心理与行为,交通科学与工程学院,选修,一般专业类,2.0,丁  川
B3J13341A,交通运输网络分析,交通科学与工程学院,选修,一般专业类,2.0,于  滨
B3J13361B,人因工程与飞行安全,交通科学与工程学院,选修,一般专业类,2.0,杜俊敏
B3J13371A,有限元基础,交通科学与工程学院,选修,一般专业类,1.0,高政国
B3J13372A,工程地质学,交通科学与工程学院,选修,一般专业类,1.5,冯锦艳
B3J13373A,工程概预算,交通科学与工程学院,选修,一般专业类,1.0,罗  汀
B3J13419A,单片机原理及系统设计,交通科学与工程学院,选修,一般专业类,1.0,王  建
B3J13464B,飞机环境控制系统与适航,交通科学与工程学院,选修,一般专业类,2.0,柯  鹏
B3J14323A,可靠性试验技术,可靠性与系统工程学院,选修,一般专业类,1.5,王晓红
B3J153620,传感器技术与测试系统,宇航学院,选修,一般专业类,2.0,王可东
B3J153730,数据结构,宇航学院,选修,一般专业类,2.0,谢凤英
B3J153770,OpenCV基础与应用,宇航学院,选修,一般专业类,2.0,孟  偲
B3J153910,航天飞行器操作与应用基础,宇航学院,选修,一般专业类,1.5,董云峰
B3J153960,工程热力学与传热学,宇航学院,选修,一般专业类,2.0,王长辉+王一白
B3J153980,新概念航天器——绳系系统和太阳帆导论,宇航学院,选修,一般专业类,1.5,钟  睿
B3J173420,激光原理与技术,仪器科学与光电工程学院,选修,一般专业类,3.0,丁  铭+胡姝玲
B3J173510,传感器技术及应用,仪器科学与光电工程学院,必修,一般专业类,3.0,郭占社+樊尚春+李  成
B3J193710,专业英语,物理科学与核能工程学院,选修,一般专业类,2.0,许怀哲+朱开贵
B3J193720,物理学前沿专题,物理科学与核能工程学院,选修,一般专业类,2.0,周  苗
B3J193740,半导体物理导论,物理科学与核能工程学院,选修,一般专业类,2.0,时洪亮
B3J193760,数学物理方法（2）,物理科学与核能工程学院,选修,一般专业类,3.0,潘  晖
B3J193810,信号与系统,物理科学与核能工程学院,选修,一般专业类,2.0,李  华
B3J193830,微机原理与接口技术,物理科学与核能工程学院,选修,一般专业类,2.0,郑  明
B3J193870,激光原理与激光测量,物理科学与核能工程学院,选修,一般专业类,2.0,钱建强
B3J193880,信息光学,物理科学与核能工程学院,选修,一般专业类,2.0,王三胜
B3J193910,核科学概论,物理科学与核能工程学院,选修,一般专业类,2.0,竺礼华
B3J193920,核技术基础,物理科学与核能工程学院,选修,一般专业类,2.0,乐小云
B3J20321A,经济法,法学院,选修,一般专业类,3.0,王  丽
B3J203220,环境法,法学院,选修,一般专业类,2.0,梁文婷
B3J203240,金融法,法学院,选修,一般专业类,2.0,朱晓婷
B3J203250,保险法,法学院,选修,一般专业类,2.0,任自力
B3J203260,票据法,法学院,选修,一般专业类,2.0,王  丽
B3J203270,财税法,法学院,选修,一般专业类,2.0,董杜骄
B3J203290,电子商务法,法学院,选修,一般专业类,2.0,董杜骄
B3J203311,知识产权法（全英文）,法学院,选修,一般专业类,2.0,孙新强
B3J203390,Jessup(杰赛普) 国际法模拟法庭竞赛,法学院,选修,一般专业类,2.0,夏春利
B3J203430,仲裁法,法学院,选修,一般专业类,1.0,张晓茹
B3J203610,人权法,法学院,选修,一般专业类,2.0,翟庆振
B3J203710,刑事诉讼法案例研习,法学院,选修,一般专业类,2.0,吉冠浩
B3J205840,司法实务,法学院,选修,一般专业类,2.0,肖建华
B3J213110,数字电路分析设计,软件学院,选修,一般专业类,2.0,邓莹莹
B3J213120,嵌入式系统,软件学院,选修,一般专业类,2.0,康一梅
B3J213210,数据挖掘概论,软件学院,选修,一般专业类,2.0,杜孝平
B3J213220,网络存储,软件学院,选修,一般专业类,2.0,路新喜
B3J213711,网络管理,软件学院,选修,一般专业类,1.0,Ian
B3J213721,数据管理,软件学院,选修,一般专业类,1.0,Ian
B3J213820,大数据概论,软件学院,选修,一般专业类,1.0,李祺
B3J263110,VR内容生成,新媒体艺术与设计学院,选修,一般专业类,2.0,胡  勇
B3J263460,UI设计,新媒体艺术与设计学院,选修,一般专业类,2.0,闫  烁
B3J263470,包装设计,新媒体艺术与设计学院,选修,一般专业类,2.0,宋泽惠
B3J263620,动态图像设计,新媒体艺术与设计学院,选修,一般专业类,2.0,卫诗磊
B3J263630,实验影像创作,新媒体艺术与设计学院,选修,一般专业类,2.0,刘  恪
B3J263640,三维图像设计基础,新媒体艺术与设计学院,选修,一般专业类,2.0,徐静秋
B3J263790,油画基础,新媒体艺术与设计学院,选修,一般专业类,2.0,庄维嘉
B3J263810,丝网版画基础,新媒体艺术与设计学院,选修,一般专业类,2.0,王  丹
B3J263820,水墨小品,新媒体艺术与设计学院,选修,一般专业类,2.0,李  佳
B3J263920,交互动画设计,新媒体艺术与设计学院,选修,一般专业类,2.0,王  宁
B3J264510,视觉导视系统设计,新媒体艺术与设计学院,选修,一般专业类,3.0,宋泽惠
B3J264690,游戏概念设计,新媒体艺术与设计学院,选修,一般专业类,3.0,王  宁
B3J264850,综合绘画创作,新媒体艺术与设计学院,选修,一般专业类,3.0,李  佳
B3J27334B,高分子化学,化学学院,选修,一般专业类,3.0,王明存
B3J27336B,化工原理,化学学院,选修,一般专业类,3.0,高龙成
B3J27341B,中级无机化学,化学学院,选修,一般专业类,3.0,高秋明
B3J27343C,化学进展,化学学院,选修,一般专业类,3.0,高秋明
B3J27344B,基础生物化学,化学学院,选修,一般专业类,2.0,范  霞
B3J27345B,超分子化学,化学学院,选修,一般专业类,2.0,刘全勇
B3J273461,物理有机化学（英文）,化学学院,选修,一般专业类,2.0,刘宇宙
B3J27351B,复合材料,化学学院,选修,一般专业类,2.0,杨中甲
B3J303120,空间环境效应导论,空间与环境学院,选修,一般专业类,2.0,曾  立
B3J063110,数据库系统原理,计算机学院,选修,一般专业类,3.0,郎  波+刘  瑞
B3J063410,数据库原理课程设计,计算机学院,选修,一般专业类,1.0,郎  波+刘  瑞
B3J063820,计算机工程中最优化的方法,计算机学院,选修,一般专业类,2.0,冷  彪
B3J063830,RUBY语言程序设计,计算机学院,选修,一般专业类,1.0,沃天宇
B3J063890,MATLAB基础及其应用,计算机学院,选修,一般专业类,2.0,张永飞
B3J123130,词汇学,外国语学院,选修,一般专业类,2.0,田飞洋
B3J261380,字体设计（1）,新媒体艺术与设计学院,选修,一般专业类,1.0,赵之昱
B3J261570,动画影片分析,新媒体艺术与设计学院,选修,一般专业类,1.0,张  引
B3I09342A,数学模型,数学与系统科学学院,选修,一般专业类,3.0,刘红英
B3I13364B,飞机空气动力学与飞行载荷,交通科学与工程学院,选修,一般专业类,2.5,吴江浩
B3I13365B,飞机结构分析与设计,交通科学与工程学院,选修,一般专业类,2.0,何  田
B3I13367B,工程计算力学,交通科学与工程学院,选修,一般专业类,2.0,张艳来
B3I14362A,安全性设计分析与验证,可靠性与系统工程学院,必修,一般专业类,2.0,焦  健
B3I193520,计算物理基础,物理科学与核能工程学院,必修,一般专业类,2.0,梁林云+周洪波
B3I393150,信息网络安全,网络空间安全学院,选修,一般专业类,2.5,刘建伟
B3J013310,金属结构材料,材料科学与工程学院,选修,一般专业类,2.0,沙江波+郭洪波
B3J013320,金属功能材料,材料科学与工程学院,选修,一般专业类,2.0,李  岩
B3J013330,薄膜技术基础,材料科学与工程学院,选修,一般专业类,2.0,周春根
B3J013340,材料设计与模拟,材料科学与工程学院,选修,一般专业类,2.0,马  岳+周  健
B3J013410,固体物理,材料科学与工程学院,选修,一般专业类,2.0,刘知琪
B3J013420,量子力学与统计,材料科学与工程学院,选修,一般专业类,2.0,张千帆
B3J013430,计算材料学,材料科学与工程学院,选修,一般专业类,2.0,尚家香+张瑞丰
B3J013440,新型功能材料,材料科学与工程学院,选修,一般专业类,2.0,王敬民+杨圣雪
B3J013510,材料腐蚀科学与防护,材料科学与工程学院,选修,一般专业类,2.0,李卫平
B3J013520,电化学测试技术,材料科学与工程学院,选修,一般专业类,2.0,刘建华+于  美
B3J013530,新能源材料化学,材料科学与工程学院,选修,一般专业类,2.0,于  美+邢雅兰+陈海宁
B3J013610,无机非金属材料基础,材料科学与工程学院,选修,一般专业类,2.0,王树彬
B3J013620,新能源材料,材料科学与工程学院,选修,一般专业类,2.0,赵立东+水江澜
B3J013630,无机非金属材料化学,材料科学与工程学院,选修,一般专业类,2.0,刘晓芳
B3J013640,电子陶瓷材料,材料科学与工程学院,选修,一般专业类,2.0,李锐星
B3J013710,聚合物基复合材料,材料科学与工程学院,选修,一般专业类,2.0,李  敏
B3J013720,高分子材料,材料科学与工程学院,选修,一般专业类,2.0,肇  研
B3J013740,高分子材料功能设计及应用,材料科学与工程学院,选修,一般专业类,2.0,王  凯
B3J013820,材料加工设备与自动化,材料科学与工程学院,选修,一般专业类,2.0,张  虎
B3J013830,热处理原理及工艺,材料科学与工程学院,选修,一般专业类,2.0,席文君
B3J013840,材料加工计算机测量与控制,材料科学与工程学院,选修,一般专业类,2.0,张天丽
B3J013920,低維材料物理,材料科学与工程学院,选修,一般专业类,2.0,毕晓昉
B3J013930,材料表面与界面,材料科学与工程学院,选修,一般专业类,2.0,李  然
B3J013940,纳米材料化学与制备技术,材料科学与工程学院,选修,一般专业类,2.0,刁  鹏
B3J014520,仪器分析基础,材料科学与工程学院,选修,一般专业类,2.0,刘建华
B3J023110,图像信号处理,电子信息工程学院,选修,一般专业类,2.5,王祖林+陈  炜+徐  迈+王鹏波
B3J023150,嵌入式系统原理与应用,电子信息工程学院,选修,一般专业类,1.5,洪  韬+杨昕欣+周  强
B3J023200,微波电路与封装,电子信息工程学院,选修,一般专业类,2.0,刘荣科+洪  韬
B3J023240,现代通信天线,电子信息工程学院,必修,一般专业类,1.5,张  岩+叶修竹+全绍辉+李志平
B3J023300,运筹学,电子信息工程学院,选修,一般专业类,2.0,王  钢
B3J023370,集成电路设计原理,电子信息工程学院,选修,一般专业类,2.0,李洪革
B3J023490,射频与微波系统,电子信息工程学院,选修,一般专业类,2.0,任  强
B3J024440,应用光学,电子信息工程学院,选修,一般专业类,2.0,李  丽
B3J033110,非线性控制,自动化科学与电气工程学院,必修,一般专业类,2.5,马保离+郝  飞
B3J033120,模式识别与智能系统技术,自动化科学与电气工程学院,必修,一般专业类,2.5,王  岩+张宝昌+李  阳
B3J033130,惯性技术及应用,自动化科学与电气工程学院,选修,一般专业类,2.0,张  海
B3J033140,模式识别与机器学习,自动化科学与电气工程学院,选修,一般专业类,2.5,秦曾昌+郭玉柱
B3J033150,图像处理与机器视觉,自动化科学与电气工程学院,选修,一般专业类,2.5,郑  红
B3J033160,智能控制导论,自动化科学与电气工程学院,选修,一般专业类,1.5,吴淮宁+刘金琨
B3J033180,单片机与嵌入式系统实验,自动化科学与电气工程学院,选修,一般专业类,2.0,董韶鹏
B3J033210,制导与控制,自动化科学与电气工程学院,必修,一般专业类,2.5,吴云洁+江加和
B3J033220,导航技术,自动化科学与电气工程学院,必修,一般专业类,2.5,富  立+张  海+杨  静
B3J033230,自动化仪器仪表,自动化科学与电气工程学院,选修,一般专业类,1.5,高占宝
B3J033240,传感器调理电路的设计与仿真,自动化科学与电气工程学院,选修,一般专业类,2.0,张  蓓
B3J033310,航空测试系统,自动化科学与电气工程学院,必修,一般专业类,3.0,袁  梅
B3J033320,过程控制,自动化科学与电气工程学院,必修,一般专业类,2.0,吴云洁+扈宏杰
B3J033360,机电工程CAD,自动化科学与电气工程学院,选修,一般专业类,1.5,刘永光
B3J033410,飞行控制I,自动化科学与电气工程学院,必修,一般专业类,2.5,张庆振
B3J033420,控制系统建模与仿真,自动化科学与电气工程学院,必修,一般专业类,2.0,王卫红+王江云+刘正华+宋  晓
B3J033430,大数据与类脑智能,自动化科学与电气工程学院,选修,一般专业类,2.0,张宝昌+吕金虎
B3J033510,液压流体力学与液压传动技术,自动化科学与电气工程学院,必修,一般专业类,3.0,裴忠才+刘永光
B3J033520,机械电子学,自动化科学与电气工程学院,必修,一般专业类,2.0,李运华
B3J033540,计算机软件技术基础,自动化科学与电气工程学院,选修,一般专业类,2.0,全  权
B3J033620,单片机原理及应用,自动化科学与电气工程学院,选修,一般专业类,2.5,董韶鹏
B3J034550,航天器控制原理,自动化科学与电气工程学院,选修,一般专业类,2.0,王  青
B3J034810,信息系统集成技术,自动化科学与电气工程学院,选修,一般专业类,2.0,张  霖
B3J043240,生物能源技术,能源与动力工程学院,选修,一般专业类,2.0,额日其太
B3J043310,现代流体测试技术,能源与动力工程学院,选修,一般专业类,2.0,刘宝杰+于贤君
B3J043320,多维气体动力学,能源与动力工程学院,选修,一般专业类,2.0,方祥军+郑  赟+孙大坤
B3J043410,机械振动基础,能源与动力工程学院,选修,一般专业类,2.0,张大义
B3J043420,有限元基础,能源与动力工程学院,选修,一般专业类,2.0,李  琳
B3J043560,数字控制系统,能源与动力工程学院,选修,一般专业类,2.0,程  涛
B3J043610,热工测试技术,能源与动力工程学院,选修,一般专业类,2.0,邓宏武
B3J043770,Alternative Jet Fuel Combustion and Emissions,能源与动力工程学院,选修,一般专业类,1.0,张  弛+惠  鑫
B3J043810,新能源动力导论,能源与动力工程学院,选修,一般专业类,2.0,郭志辉
B3J043850,储能技术,能源与动力工程学院,选修,一般专业类,1.0,李志强
B3J043930,飞机结构与系统,能源与动力工程学院,选修,一般专业类,2.0,焦起祥
B3J044440,航空燃气轮机制造工艺,能源与动力工程学院,选修,一般专业类,2.0,宋满祥+申秀丽
B3J044520,Matlab控制系统设计,能源与动力工程学院,选修,一般专业类,2.0,王  曦
B3J05013A,飞行器工艺,航空科学与工程学院,选修,一般专业类,1.5,贾玉红+何景武
B3J05016A,飞行器综合优化与设计研究,航空科学与工程学院,选修,一般专业类,1.5,刘  虎+罗明强+孙康文+周尧明+杨穆清+宋  磊
B3J05019A,复合材料结构设计,航空科学与工程学院,选修,一般专业类,1.0,张纪奎
B3J05021A,航空工程大型通用软件应用（2）,航空科学与工程学院,选修,一般专业类,1.5,王维军+谭文倩+董素君+杨振宇+曾  宇+罗明强+刘  波+朱克勇
B3J05030A,直升机飞行性能、操纵及稳定性,航空科学与工程学院,选修,一般专业类,1.0,曹义华
B3J05031A,直升机气动设计,航空科学与工程学院,选修,一般专业类,1.5,陈  铭
B3J05032A,直升机总体设计,航空科学与工程学院,选修,一般专业类,1.5,陈  铭
B3J05035A,飞行仿真与试飞,航空科学与工程学院,选修,一般专业类,1.0,王维军
B3J05041A,计算流体力学,航空科学与工程学院,选修,一般专业类,2.5,周  越+邹  辉
B3J050441,实验流体力学(英文),航空科学与工程学院,选修,一般专业类,2.5,王延奎
B3J05044A,实验流体力学,航空科学与工程学院,选修,一般专业类,2.5,王延奎
B3J05047A,粘性流体力学,航空科学与工程学院,选修,一般专业类,2.0,闫  超
B3J050531,断裂与损伤力学（英文）,航空科学与工程学院,选修,一般专业类,2.0,张  铮
B3J05055A,飞行器结构振动测试、信号分析与应用,航空科学与工程学院,选修,一般专业类,2.0,赵寿根
B3J05061A,结构分析中的有限元法,航空科学与工程学院,选修,一般专业类,2.0,邱志平+王晓军+王  磊
B3J05065A,实验固体力学,航空科学与工程学院,选修,一般专业类,2.0,潘  兵+时新红
B3J05073A,飞机人因设计,航空科学与工程学院,选修,一般专业类,1.5,王黎静
B3J05075A,空气调节技术,航空科学与工程学院,选修,一般专业类,2.0,董素君
B3J05077A,热力机械,航空科学与工程学院,选修,一般专业类,2.0,邱义芬
B3J05079A,制冷技术,航空科学与工程学院,选修,一般专业类,2.0,常士楠
B3J05082A,载人航天生命保障技术,航空科学与工程学院,选修,一般专业类,1.5,李运泽
B3J05086A,人机环境与工程,航空科学与工程学院,选修,一般专业类,2.0,黄  勇+完颜笑如
B3J063120,计算机网络,计算机学院,选修,一般专业类,2.0,刘  轶+罗洪斌+张  辉
B3J063210,计算机体系结构,计算机学院,选修,一般专业类,2.0,龙  翔+白跃彬
B3J063220,X86汇编程序设计,计算机学院,选修,一般专业类,2.0,熊桂喜
B3J063350,图象处理与模式识别,计算机学院,选修,一般专业类,2.0,王蕴红
B3J063360,物联网引论,计算机学院,选修,一般专业类,2.0,刘  睿+尚利宏+欧阳元新+蒲菊华
B3J063420,计算机网络实验,计算机学院,选修,一般专业类,2.0,张力军+吕良双+焦福菊
B3J063520,人工智能,计算机学院,选修,一般专业类,2.0,丁  嵘+巢文涵
B3J063710,计算机网络安全技术,计算机学院,选修,一般专业类,2.0,李  巍
B3J063720,网络攻防技术,计算机学院,选修,一般专业类,2.0,夏春和
B3J063821,电子商务,计算机学院,选修,一般专业类,1.0,胡春明
B3J063831,FPGA多核并行计算,计算机学院,选修,一般专业类,2.0,张  炯+李  莹
B3J063841,并行计算程序设计,计算机学院,选修,一般专业类,2.0,李云春
B3J063851,大数据分析,计算机学院,选修,一般专业类,2.0,冷  彪
B3J063861,深度学习,计算机学院,任修,一般专业类,2.0,孙  剑+周舒畅+王静远
B3J063881,视觉建模与计算,计算机学院,选修,一般专业类,2.0,陆  峰
B3J063896,物联网与大数据系统设计,计算机学院,选修,一般专业类,2.0,熊桂喜
B3J063897,大数据与人工智能实训,计算机学院,选修,一般专业类,2.0,牛建伟+孙  青+李辉勇
B3J063899,金融数据挖掘,计算机学院,选修,一般专业类,2.0,部  慧+王静远
B3J064820,计算机网络安全技术,数学与系统科学学院,选修,一般专业类,3.0,张  筱+姚  望
B3J073110,机械设计学,机械工程及自动化学院,选修,一般专业类,2.5,张以都
B3J073120,现代设计方法学,机械工程及自动化学院,选修,一般专业类,3.5,王春洁
B3J073210,先进加工技术,机械工程及自动化学院,选修,一般专业类,2.0,蔡  军+李  勋
B3J073220,数字化制造工艺与装备,机械工程及自动化学院,选修,一般专业类,4.0,王庆文+樊  锐+姜兴刚+彭  翀
B3J073310,信号处理及其应用,机械工程及自动化学院,选修,一般专业类,3.0,满庆丰+夏继强+邢春香
B3J073320,机电一体化设计及理论,机械工程及自动化学院,选修,一般专业类,3.0,付永领
B3J073410,计算机辅助制造,机械工程及自动化学院,选修,一般专业类,3.0,郑联语+徐世新+杜福洲
B3J073420,生产与运作管理,机械工程及自动化学院,选修,一般专业类,3.0,杨建军+邓必超+杜福洲
B3J073510,机器人学,机械工程及自动化学院,选修,一般专业类,3.0,李大寨+丁希仑+张武翔+徐  坤
B3J073520,微机电系统技术及理论,机械工程及自动化学院,选修,一般专业类,3.0,蒋永刚+冯  林
B3J073610,现代飞机制造工艺学,机械工程及自动化学院,选修,一般专业类,3.0,李东升+梅中义+李小强
B3J073620,飞机数字化设计制造技术,机械工程及自动化学院,选修,一般专业类,3.0,郑国磊+闫光荣+万  敏+赵  罡
B3J073720,产品设计(2),机械工程及自动化学院,选修,一般专业类,2.5,陈  路
B3J073730,交通工具造型设计,机械工程及自动化学院,选修,一般专业类,2.5,王玉慧+陈  路
B3J073740,信息设计,机械工程及自动化学院,选修,一般专业类,2.5,王  韫
B3J073810,材料成型基础,机械工程及自动化学院,选修,一般专业类,3.0,张彦华+曲文卿
B3J073820,快速制造设备及工艺,机械工程及自动化学院,选修,一般专业类,3.0,李刘合+从保强
B3J074750 ,环境设计(2),机械工程及自动化学院,选修,一般专业类,2.0,张  融
B3J082360,Excel在投资理财中的应用,经济管理学院,选修,一般专业类,1.5,谢  岚
B3J082370,成本管理,经济管理学院,选修,一般专业类,2.0,郑  筠
B3J083340,经济分析基础 ,经济管理学院,选修,一般专业类,2.0,刘  莹
B3J083350,经济学文献导读,经济管理学院,选修,一般专业类,2.0,韩立岩+吴  蕾+钟  铧
B3J083390,金融经济学,经济管理学院,选修,一般专业类,2.0,部  慧
B3J09312A,三年级研讨课（2）,数学与系统科学学院,选修,一般专业类,1.0,韦  卫+韩德仁+杨义川+王进良+王拥军+严夺魁+张世金
B3J09332A,数字信号与图像处理,数学与系统科学学院,选修,一般专业类,3.0,张思容
B3J09342A,计算机代数,数学与系统科学学院,选修,一般专业类,3.0,牟晨琪
B3J09362A,抽样技术,数学与系统科学学院,选修,一般专业类,2.0,陈迪荣
B3J100110,连续介质力学,生物与医学工程学院,选修,一般专业类,2.0,赵  峰
B3J100140,医学成像系统,生物与医学工程学院,选修,一般专业类,2.0,李淑宇+汪待发
B3J100150,实验动物学,生物与医学工程学院,选修,一般专业类,2.0,刘美丽+周  钢
B3J103010,组织工程学概论,生物与医学工程学院,必修,一般专业类,2.0,李  萍+刘海峰
B3J103020,组织工程反应器及干细胞技术,生物与医学工程学院,必修,一般专业类,2.0,贡向辉+黄  艳
B3J103030,组织工程支架材料,生物与医学工程学院,必修,一般专业类,2.0,李晓明+刘海峰
B3J103040,组织工程化器官,生物与医学工程学院,必修,一般专业类,2.0,陈晓芳+李林昊
B3J103110,临床生物化学、血液及检验 ,生物与医学工程学院,必修,一般专业类,2.0,贡向辉+刘美丽
B3J103120,临床免疫学及检验,生物与医学工程学院,必修,一般专业类,2.0,郑丽沙+黄  艳
B3J103130,微流控技术及系统,生物与医学工程学院,必修,一般专业类,2.0,孙  艳+刘  肖
B3J103140,临检测试技术及装备,生物与医学工程学院,必修,一般专业类,2.0,汪待发
B3J103210,数据库原理,生物与医学工程学院,必修,一般专业类,2.0,刘  涛
B3J103220,生物统计学,生物与医学工程学院,必修,一般专业类,2.0,胡大伟+刘  肖
B3J103230,模式识别,生物与医学工程学院,必修,一般专业类,2.0,许  燕
B3J103240,生物信息软件应用与开发,生物与医学工程学院,必修,一般专业类,2.0,张冀聪
B3J103310,生物能源,生物与医学工程学院,必修,一般专业类,2.0,荣  龙
B3J103320,人工闭合生态系统基础,生物与医学工程学院,必修,一般专业类,2.0,付玉明
B3J103330,环境生物治理技术,生物与医学工程学院,必修,一般专业类,2.0,谢倍珍
B3J103340,空间生命保障技术,生物与医学工程学院,必修,一般专业类,2.0,刘  红
B3J103420,运动与康复医学基础,生物与医学工程学院,必修,一般专业类,2.0,桑  晨+姚  杰
B3J103430,康复测评技术,生物与医学工程学院,必修,一般专业类,2.0,李  艳+姚  杰
B3J103440,高级人体工效学,生物与医学工程学院,必修,一般专业类,2.0,丁  立+柳忠起+周前祥
B3J103610,人工器官基础,生物与医学工程学院,必修,一般专业类,2.0,周  钢+顾雪楠
B3J103620,植介入体检测技术,生物与医学工程学院,必修,一般专业类,2.0,赵  峰+李林昊
B3J103630,植介入体设计与评价,生物与医学工程学院,必修,一般专业类,2.0,韩景芸+孙安强
B3J103640,植介入体制造技术,生物与医学工程学院,必修,一般专业类,2.0,裴葆青
B3J103910,生物医学仪器,生物与医学工程学院,必修,一般专业类,2.0,李淑宇+牛海军+汪待发
B3J103920,医用机器人,生物与医学工程学院,必修,一般专业类,2.0,王  豫+刘文勇
B3J103930,生物医学仪器检测技术,生物与医学工程学院,必修,一般专业类,2.0,岳蜀华
B3J103940,生物医学图像处理,生物与医学工程学院,必修,一般专业类,2.0,李淑宇+万  涛
B3J113250,SPSS应用,人文社会科学学院,选修,一般专业类,2.0,王军霞
B3J113260,公共信息资源管理,人文社会科学学院,选修,一般专业类,2.0,涂  燕
B3J113270,秘书学与公文写作,人文社会科学学院,选修,一般专业类,2.0,黄  敏
B3J113310,西方社会政治思想,人文社会科学学院,选修,一般专业类,2.0,陈文博
B3J113320,社区管理,人文社会科学学院,选修,一般专业类,2.0,黄  敏
B3J113330,公共组织理论,人文社会科学学院,选修,一般专业类,2.0,闫洪芹
B3J113340,政策营销,人文社会科学学院,选修,一般专业类,2.0,王军霞
B3J113360,博弈论,人文社会科学学院,选修,一般专业类,2.0,简南红
B3J113420,咨询心理学,人文社会科学学院,选修,一般专业类,2.0,冯  蓉
B3J113740,公共经济学,人文社会科学学院,选修,一般专业类,2.0,聂  晨
B3J113760,房地产经济学,人文社会科学学院,选修,一般专业类,2.0,聂  晨
B3J113860,公司财务,人文社会科学学院,选修,一般专业类,4.0,侯琳琳
B3J113870,经济法,人文社会科学学院,选修,一般专业类,2.0,黄  岩
B3J113880,国际贸易实务,人文社会科学学院,选修,一般专业类,2.0,赵雨涵
B3J116750,农业经济学,人文社会科学学院,选修,一般专业类,2.0,张佳书
B3J123210,句法学,外国语学院,必修,一般专业类,2.0,朱乐奇
B3J123260,语料库语言学,外国语学院,选修,一般专业类,2.0,苏  衡
B3J123340,莎士比亚,外国语学院,选修,一般专业类,2.0,田俊武
B3J123410,英语小说选读,外国语学院,必修,一般专业类,2.0,郑  丽
B3J123420,英语戏剧赏析,外国语学院,必修,一般专业类,2.0,李  英
B3J123440,电影文学,外国语学院,选修,一般专业类,2.0,黄重凤
B3J123450,中国文学专题,外国语学院,选修,一般专业类,2.0,步朝霞
B3J123610,高级辩论,外国语学院,必修,一般专业类,2.0,Franny Solnic
B3J123620,比较修辞,外国语学院,选修,一般专业类,2.0,Lvming Mao
B3J123640,国际政治,外国语学院,选修,一般专业类,2.0,Jonathan Borock
B3J123650,跨文化交际,外国语学院,选修,一般专业类,2.0,张晓君
B3J123810,英汉交替传译（2）,外国语学院,必修,一般专业类,2.0,顿  超
B3J123820,汉英交替传译（2）,外国语学院,必修,一般专业类,2.0,王  沛
B3J123830,视译,外国语学院,选修,一般专业类,2.0,钱多秀
B3J123840,政经文本翻译,外国语学院,选修,一般专业类,2.0,邢  力
B3J123910,德语高级听力（2）,外国语学院,选修,一般专业类,2.0,刘  璐
B3J123920,德语写作（3）,外国语学院,选修,一般专业类,2.0,Barbara Nowara
B3J123930,经济德语,外国语学院,选修,一般专业类,2.0,Barbara Nowara
B3J123940,德语文学名著,外国语学院,选修,一般专业类,1.0,贺  克
B3J123950,高级德语口语（2）,外国语学院,选修,一般专业类,2.0,Barbara Nowara
B3J124810,科技翻译,外国语学院,选修,一般专业类,2.0,刘  颖
B3J13234A,弹性力学与数值计算,交通科学与工程学院,选修,一般专业类,3.0,许  骏+殷  莎
B3J13323A,汽车排放与控制,交通科学与工程学院,选修,一般专业类,2.0,李兴虎
B3J13325A,车身结构与设计,交通科学与工程学院,选修,一般专业类,2.0,单颖春
B3J13331A,车联网技术,交通科学与工程学院,选修,一般专业类,2.0,田大新+吴新开
B3J13337A,交通图像分析技术,交通科学与工程学院,选修,一般专业类,1.0,鲁光泉
B3J13366B,航空发动机控制适航,交通科学与工程学院,选修,一般专业类,1.5,刘晓锋
B3J13375A,防护工程设计,交通科学与工程学院,选修,一般专业类,1.0,王乃东
B3J14325A,可靠性统计,可靠性与系统工程学院,选修,一般专业类,1.5,马小兵
B3J14326B,工程系统的规划与设计,可靠性与系统工程学院,选修,一般专业类,2.0,章文晋
B3J14327B,软件技术基础与可靠性实践,可靠性与系统工程学院,选修,一般专业类,2.0,艾  骏
B3J14363B,软件安全性,可靠性与系统工程学院,选修,一般专业类,2.0,鲍晓红
B3J14372A,失效物理基础,可靠性与系统工程学院,选修,一般专业类,2.0,陈  颖
B3J153420,弹道学与动态分析,宇航学院,选修,一般专业类,2.0,陈万春+周  浩
B3J153430,航天飞行器操作与控制实验,宇航学院,选修,一般专业类,2.0,董云峰
B3J153530,小天体探测技术,宇航学院,选修,一般专业类,1.0,王  悦
B3J153610,卡尔曼滤波基础,宇航学院,选修,一般专业类,2.0,王可东
B3J153710,数字视频处理基础,宇航学院,选修,一般专业类,2.0,袁  丁+罗晓燕
B3J153810,液体火箭发动机输送系统,宇航学院,选修,一般专业类,2.0,张黎辉
B3J153811,火箭发动机实验测试方法,宇航学院,选修,一般专业类,2.0,杨文将
B3J153920,现代设计方法,宇航学院,选修,一般专业类,1.5,郭祖华
B3J153930,MATLAB建模与仿真,宇航学院,选修,一般专业类,1.5,郭  军
B3J153940,复合材料结构设计,宇航学院,选修,一般专业类,1.5,邓忠民
B3J153950,MATLAB程序设计,宇航学院,选修,一般专业类,1.5,白相志
B3J153970,火箭发动机基础,宇航学院,选修,一般专业类,2.0,孙  冰
B3J153990,非线性动力学,宇航学院,选修,一般专业类,1.5,徐  明
B3J154440,导弹与运载火箭气动计算,宇航学院,选修,一般专业类,2.0,马树微
B3J154470,飞行器总体设计优化,宇航学院,选修,一般专业类,2.0,王晓慧
B3J154660,飞行动力学,宇航学院,选修,一般专业类,2.0,贾英宏
B3J154720,遥感技术基础,宇航学院,选修,一般专业类,2.0,尹继豪
B3J154810,现代测试技术,宇航学院,选修,一般专业类,2.0,王一白+任军学
B3J154820,弹性力学,宇航学院,选修,一般专业类,2.0,田爱梅
B3J154830,火箭发动机推进剂,宇航学院,选修,一般专业类,2.0,袁士伟
B3J173430,光电子技术,仪器科学与光电工程学院,必修,一般专业类,3.0,肖  文+潘  锋+赵慧洁
B3J173450,光纤传感原理,仪器科学与光电工程学院,必修,一般专业类,3.0,杨远洪
B3J173460,数字图像处理,仪器科学与光电工程学院,必修,一般专业类,3.0,周富强+祝世平+魏新国
B3J173470,光通信原理与技术,仪器科学与光电工程学院,必修,一般专业类,3.0,伊小素
B3J173490,摄影测量基础,仪器科学与光电工程学院,必修,一般专业类,3.0,李旭东
B3J173520,自动控制元件,仪器科学与光电工程学院,必修,一般专业类,3.0,楚中毅+刘  刚+王惠军
B3J173530,自动测试原理与系统,仪器科学与光电工程学院,必修,一般专业类,3.0,徐立军+曹  章
B3J173540,误差理论与数据处理,仪器科学与光电工程学院,必修,一般专业类,2.5,钱  政+王中宇+李庆波+李  成+屈玉福
B3J173550,光电测试技术与系统,仪器科学与光电工程学院,必修,一般专业类,2.5,魏振忠+刘  震
B3J173560,惯性器件原理,仪器科学与光电工程学院,必修,一般专业类,3.0,张  勇+宫晓琳
B3J174950,大气辐射传输理论基础,仪器科学与光电工程学院,选修,一般专业类,2.0,许  东
B3J193730,凝聚态物理导论,物理科学与核能工程学院,选修,一般专业类,2.0,时洪亮
B3J193750,固体微结构及衍射物理学,物理科学与核能工程学院,选修,一般专业类,2.0,王  聪
B3J193820,传感技术与测试技术,物理科学与核能工程学院,选修,一般专业类,2.0,徐  平
B3J193840,数字信号处理,物理科学与核能工程学院,选修,一般专业类,2.0,郑  明
B3J193850,现代光学导论,物理科学与核能工程学院,选修,一般专业类,2.0,李文萍+钟晓岚
B3J193860,光电子学,物理科学与核能工程学院,选修,一般专业类,2.0,肖志松
B3J193930,粒子物理与核物理前沿专题（中、英）,物理科学与核能工程学院,选修,一般专业类,2.0,张高龙
B3J203280,反垄断法,法学院,选修,一般专业类,1.0,王  丽
B3J203310,国际私法,法学院,选修,一般专业类,2.0,高  琦+杨彩霞
B3J20332A,外层空间法（双语）,法学院,选修,一般专业类,2.0,高国柱
B3J203330,航空法,法学院,选修,一般专业类,2.0,董杜骄
B3J20333A,法律英语(双语),法学院,选修,一般专业类,2.0,夏春利
B3J203360,海商法,法学院,选修,一般专业类,2.0,薄守省
B3J203380,国际投资法,法学院,选修,一般专业类,2.0,高国柱
B3J203820,法律诊所,法学院,选修,一般专业类,2.0,杨彩霞
B3J203840,合同法案例研习,法学院,选修,一般专业类,2.0,丁海俊
B3J205820,法学名著导读,法学院,选修,一般专业类,2.0,翟志勇
B3J213240,大数据和云计算,软件学院,选修,一般专业类,2.0,杜孝平+路新喜
B3J213250,分布式系统,软件学院,限修,一般专业类,2.0,原仓周
B3J213320,软件工程过程,软件学院,选修,一般专业类,2.0,林广艳
B3J213330,软件设计模式,软件学院,选修,一般专业类,2.0,康一梅
B3J213520,密码学与信息安全基础,软件学院,选修,一般专业类,2.0,李卫国
B3J213630,职业规范和企业文化,软件学院,选修,一般专业类,1.0,王丽华+杨晴虹
B3J213731,Linux系统管理,软件学院,选修,一般专业类,2.0,Ian
B3J213741,科技写作与沟通技巧,软件学院,选修,一般专业类,2.0,刘宇洁
B3J27333B,胶体与化学,化学学院,选修,一般专业类,2.0,王景明
B3J27335B,催化化学,化学学院,选修,一般专业类,2.0,张东凤
B3J273371,纳米科学基础（英文）,化学学院,选修,一般专业类,2.0,程群峰
B3J27342B,电化学原理,化学学院,选修,一般专业类,2.0,王  华
B3J27361B,计算机与化学,化学学院,选修,一般专业类,3.0,尤汀汀
B3J27362B,波谱分析,化学学院,选修,一般专业类,2.0,郑咏梅
B3J27365B,现代显微分析技术,化学学院,选修,一般专业类,2.0,岳永海
B3J303150,高等量子力学,空间与环境学院,限修,一般专业类,3.0,张海青
B3J303160,广义相对论,空间与环境学院,限修,一般专业类,3.0,刘  焱
B3J304110,电离层与中高层大气物理,空间与环境学院,限修,一般专业类,2.0,李  星
B3J393310,移动通信概论,网络空间安全学院,选修,一般专业类,2.0,白  琳+张骞允
B3J261390,版式设计基础,新媒体艺术与设计学院,任修,一般专业类,2.0,赵之昱
B3J261760,素描的形式与技法,新媒体艺术与设计学院,任修,一般专业类,2.0,庄维嘉
B3J262130,互动艺术编程基础,新媒体艺术与设计学院,任修,一般专业类,2.0,胡  勇
B3J262140,互动装置设计基础,新媒体艺术与设计学院,任修,一般专业类,2.0,曹  翀
B3J262430,信息可视化设计,新媒体艺术与设计学院,任修,一般专业类,2.0,程  希
B3J262440,数码摄影创作,新媒体艺术与设计学院,任修,一般专业类,2.0,谷久文
B3J262450,图形创意,新媒体艺术与设计学院,任修,一般专业类,2.0,王素娟
B3J262580,动画造型,新媒体艺术与设计学院,任修,一般专业类,2.0,卫诗磊
B3J262890,网页设计技术,新媒体艺术与设计学院,任修,一般专业类,2.0,王  珊
50G01020,台湾政治经济与两岸关系,马克思主义学院,选修,公共选修课程,1.5,彭付芝
50G01030,图像处理,宇航学院,选修,公共选修课程,1.5,游  晖
50G01050,西方音乐史与名曲鉴赏,人文社会科学学院,选修,公共选修课程,1.5,李爱华
50G01080,演讲与口才,马克思主义学院,选修,公共选修课程,1.5,姚小玲
50G01120,中国少数民族的历史、宗教与文化,马克思主义学院,选修,公共选修课程,1.5,黄建华
50G01170,CAD与三维设计,机械工程及自动化学院,选修,公共选修课程,1.0,王晚霞+陈甜甜+张  俐
50G01240,声乐与合唱艺术,人文社会科学学院,选修,公共选修课程,1.5,苏丹娜
50G01270,国际商法,法学院,选修,公共选修课程,1.5,薄守省+薄守省+孙新强
B2G010130,清洁生产与可持续发展,材料科学与工程学院,选修,一般通识类,1.0,朱立群+李卫平+李卫平+陈海宁
B2G010170,材料与社会,材料科学与工程学院,选修,一般通识类,1.0,李锐星
B2G010180,纳米结构轻合金制备技术及其应用,材料科学与工程学院,选修,一般通识类,1.0,刘  彤
B2G020140,单片机原理及应用,电子信息工程学院,选修,一般通识类,1.0,荣  欣+刘久文
B2G020150,EDA基础,电子信息工程学院,选修,一般通识类,1.0,王文光
B2G030150,单片机原理及应用(Motorola),自动化科学与电气工程学院,选修,一般通识类,1.5,申文达+张  静+张  蓓
B2G030160,DSP原理及应用,自动化科学与电气工程学院,选修,一般通识类,2.0,吴  冠+徐  东+孙  丹
B2G030230,电子自助实验,自动化科学与电气工程学院,选修,一般通识类,2.0,肖  瑾
B2G030240,基于DSP语音型单片机自主实验,自动化科学与电气工程学院,选修,一般通识类,1.0,孙  丹
B2G030250,基于ARM的现代电子技术实验,自动化科学与电气工程学院,选修,一般通识类,1.0,黄亚玲
B2G030270,嵌入式应用硬件接口电路实验,自动化科学与电气工程学院,选修,一般通识类,1.0,李  莉
B2G030280,可编程控制器(PLC)的工作原理及应用,自动化科学与电气工程学院,选修,一般通识类,1.0,李  可
B2G040130,航空替代燃料,能源与动力工程学院,选修,一般通识类,1.0,杨晓奕
B2G050120,飞机设计概论,航空科学与工程学院,选修,一般通识类,1.5,周尧明+马云鹏
B2G050130,工程流体力学,航空科学与工程学院,选修,一般通识类,1.0,赵小虎
B2G050150,现代战争中的隐身技术,航空科学与工程学院,选修,一般通识类,1.0,姬金祖+黄沛霖+姬金祖
B2G060130,计算机网络安全技术,计算机学院,选修,一般通识类,1.5,夏春和
B2G060170,网络系统运行管理及性能分析,计算机学院,选修,一般通识类,1.0,栾钟治
B2G060230,分布式虚拟环境,计算机学院,选修,一般通识类,1.0,周  忠
B2G060240,CUDA编程与应用,计算机学院,选修,一般通识类,1.0,李吉刚
B2G070120,先进制造技术概论(英语授课),机械工程及自动化学院,选修,一般通识类,2.0,乔立红
B2G070140,OpenGL三维图形程序设计,机械工程及自动化学院,选修,一般通识类,1.0,陈少强
B2G070190,智能材料、结构与器件,机械工程及自动化学院,选修,一般通识类,1.5,袁松梅
B2G070220,产品创新设计方法导论,机械工程及自动化学院,选修,一般通识类,1.0,魏巍+魏  巍
B2G100130,临床医学工程导论,生物与医学工程学院,选修,一般通识类,1.0,汲  婧+郑诚功
B2G110210,舞蹈艺术（1）,人文社会科学学院,选修,一般通识类,1.0,刘峥洋
B2G110220,舞蹈艺术（2）,人文社会科学学院,选修,一般通识类,1.0,刘峥洋
B2G110250,歌剧欣赏,人文社会科学学院,选修,一般通识类,1.0,苏丹娜
B2G110280,音乐作品分析与欣赏,人文社会科学学院,选修,一般通识类,1.0,苏丹娜
B2G120240,俄语科技翻译(1),外国语学院,选修,一般通识类,2.0,葛焱磊
B2G120310,美国文化传统概览,外国语学院,选修,一般通识类,1.0,韩文芳
B2G130110,适航概论,交通科学与工程学院,选修,一般通识类,1.0,张曙光+张曙光+柯  鹏+张曙光+吴江浩+柯  鹏+何  田+潘  强
B2G130120,土木工程概论,交通科学与工程学院,选修,一般通识类,1.0,高政国+刁  波+高政国+郭全全+冯锦艳+张武满+陈  军+周安楠+李  峰
B2G150110,导弹概论,宇航学院,选修,一般通识类,1.0,周  韬
B2G150120,宇航概论,宇航学院,选修,一般通识类,1.0,王利民+贺卫亮
B2G150170,数学方法在信息处理中的应用,宇航学院,选修,一般通识类,1.0,史振威+薛斌党+崔林艳+薛斌党
B2G150180,载人航天关键技术概论,宇航学院,选修,一般通识类,1.0,王晓慧
B2G150210,深空探测导论,宇航学院,选修,一般通识类,1.0,徐世杰+徐世杰+王  悦
B2G170160,军用光电技术与应用,仪器科学与光电工程学院,选修,一般通识类,1.0,牛燕雄
B2G170280,3D技术,仪器科学与光电工程学院,选修,一般通识类,1.0,欧  攀
B2G190120,开放物理实验,物理科学与核能工程学院,选修,一般通识类,2.0,唐  芳
B2G190130,近代物理实验（工科）,物理科学与核能工程学院,选修,一般通识类,1.0,钱建强
B2G270140,围棋基础（1）,化学学院,选修,一般通识类,1.0,薛  峰
B2G520110,信息检索与网络应用,图书馆,选修,一般通识类,1.0,冯花朴+杨  楠+陈淑云+李  娜+秦小燕+何  葭+杜慰纯
B2G560130,音乐剧欣赏与表演实践（1）,团委,选修,一般通识类,1.0,张冉
B2G560280,职业发展与就业指导（2）,招生就业处,选修,一般通识类,1.0,刘  睿+赵  敏+陈伟东
B2G560370,创业实训（1）,校内其它单位,选修,一般通识类,1.0,董青春
B2G560380,航模技术(初级),校内其它单位,选修,一般通识类,2.0,孙景桥
B2G010160,空天科技应用先进材料概论,材料科学与工程学院,选修,一般通识类,1.0,李  然
B2G020130,通讯概论,电子信息工程学院,选修,一般通识类,1.0,林国钧+林国钧+荣  欣+史晓锋+林国钧+史晓锋+王志鹏
B2G020190,自旋电子概论,电子信息工程学院,选修,一般通识类,1.0,赵巍胜+赵巍胜+雷  娜+林晓阳
B2G050110,现代大学概论,航空科学与工程学院,选修,一般通识类,1.0,刘沛清+于黎明+刘沛清
B2G050140,水动力学基础,航空科学与工程学院,选修,一般通识类,1.0,薛晓春
B2G050160,无人飞行器系统概论,航空科学与工程学院,选修,一般通识类,1.0,王吉东
B2G060140,现代电子系统设计方法与工具,计算机学院,选修,一般通识类,1.0,姜宏旭
B2G060160,UNIX程序设计环境,计算机学院,选修,一般通识类,1.0,张茂林
B2G060270,计算简史——逻辑推动与技术演进,计算机学院,选修,一般通识类,1.0,栾钟治
B2G060280,数字媒体基础及应用导论,计算机学院,选修,一般通识类,1.0,姜宏旭
B2G070130,计算机图形学,机械工程及自动化学院,选修,一般通识类,1.5,宋志敏
B2G070230,现代飞机制造技术前沿,机械工程及自动化学院,选修,一般通识类,1.0,李小强
B2G080110,计算机网络,经济管理学院,选修,一般通识类,1.0,韩小汀
B2G080150,证券投资学概论,经济管理学院,选修,一般通识类,1.0,谢  岚
B2G090190,大学数学文化,数学与系统科学学院,选修,一般通识类,1.0,马  健
B2G100120,生命科学导论,生物与医学工程学院,选修,一般通识类,1.0,荣  龙+荣  龙+周  钢+付玉明+郭亦然
B2G100140,人体工效学,生物与医学工程学院,选修,一般通识类,1.0,丁  立+丁  立+柳忠起
B2G110190,合唱与声乐艺术,人文社会科学学院,选修,一般通识类,1.0,苏丹娜
B2G110230,舞蹈美学概论,人文社会科学学院,选修,一般通识类,1.0,井志伟
B2G110240,合唱与指挥,人文社会科学学院,选修,一般通识类,1.0,李爱华
B2G110290,大学生学习指导,人文社会科学学院,选修,一般通识类,1.0,赵婷婷+李  光+杜慰纯+朱国振+赵婷婷+汪  航+薛玉梅+徐墨客+李  光+张晓君+杜慰纯+赵婷婷+汪  航+薛玉梅+徐墨客
B2G120140,英语报刊阅读,外国语学院,选修,一般通识类,1.0,卢大川
B2G120150,科技英语,外国语学院,选修,一般通识类,2.0,卢大川
B2G120170,德语二外(1),外国语学院,选修,一般通识类,2.0,梁  亮+温  静
B2G120220,俄语二外(1),外国语学院,选修,一般通识类,2.0,葛焱磊+王  蓉+王  悦
B2G120260,《圣经》文学文化源流,外国语学院,选修,一般通识类,1.0,宋  敏
B2G120290,美国著名演讲赏析,外国语学院,选修,一般通识类,1.0,卢大川
B2G140110,无线电技术导论,可靠性与系统工程学院,选修,一般通识类,1.0,洪  晟+胡薇薇
B2G170230,光电技术基础,仪器科学与光电工程学院,选修,一般通识类,1.0,肖  文
B2G170240,空间遥感技术导论,仪器科学与光电工程学院,选修,一般通识类,1.0,袁  艳+袁  艳+苏丽娟
B2G170270,电子束概论,仪器科学与光电工程学院,选修,一般通识类,1.0,董全林
B2G170310,神奇的激光世界,仪器科学与光电工程学院,选修,一般通识类,1.0,胡姝玲
B2G190110,物理学大师与物理学发展,物理科学与核能工程学院,选修,一般通识类,1.0,于  磊
B2G200130,航空法概论,法学院,选修,一般通识类,1.0,董杜骄
B2G200150,知识产权法与专利检索,法学院,选修,一般通识类,1.0,孙国瑞
B2G260120,动画艺术概论,新媒体艺术与设计学院,选修,一般通识类,1.0,卫诗磊+徐静秋+张  引
B2G280110,恋爱婚姻家庭,马克思主义学院,选修,一般通识类,1.0,郁树廷
B2G320110,单片机原理及应用,工程训练中心,选修,一般通识类,2.0,崔  剑
B2G320120,单片机/PLC智能化控制系统设计,工程训练中心,选修,一般通识类,1.0,齐海涛
B2G510180,大学生心理学,学生处武装部,选修,一般通识类,1.0,李卫华+马喜亭+冯  蓉
B2G560170,音乐剧艺术实践,团委,选修,一般通识类,1.0,欧阳丹
B2G560180,音乐心理学导论,团委,选修,一般通识类,1.0,张  聪
B2G560190,声乐艺术鉴赏与体验,团委,选修,一般通识类,1.0,杨乐乐
B2G560210,弦乐鉴赏与入门,团委,选修,一般通识类,1.0,张  聪
B2G560230,管乐鉴赏与入门,团委,选修,一般通识类,1.0,张  聪
B2G560250,戏剧鉴赏（1）,团委,选修,一般通识类,1.0,钱晓天
B2G560330,健康常识教育,校医院,选修,一般通识类,1.0,白致铭+曹丽娟
B2G560340,大学生安全知识教育,校内其它单位,选修,一般通识类,1.0,查国清+查国清+许  可
B2G560360,创业基础,校内其它单位,选修,一般通识类,1.0,董青春
B2G560410,大学生创意创新实训,团委,选修,一般通识类,1.0,万志强
B2G600110,外交谈判技巧,校外单位,选修,一般通识类,2.0,熊炜
B2G600120,国际问题导论（名师学堂）,校外单位,选修,一般通识类,2.0,60系待定02+外聘
B2G010111,Principles and Applications of Thermal Analysis for Materials Characterization,材料科学与工程学院,选修,一般通识类,2.0,Nicholas A.Hawkins+NicholasHAWKINS
B2G010121,Structure Property and Function of Biomacromolecules,材料科学与工程学院,选修,一般通识类,1.0,管  娟
B2G020111,Appreciation of Classical Papers: The Selected Top Papers in Electromagnetism,电子信息工程学院,选修,一般通识类,2.0,谢拥军
B2G020121,Coding Theory,电子信息工程学院,选修,一般通识类,2.0,黄  勤+黄  勤+赵洪博
B2G020131,Electromagnetic Compatibility,电子信息工程学院,选修,一般通识类,2.0,阎照文+赵小莹+王晓晓
B2G020141,Spintronics: Fundamentals to Applications,电子信息工程学院,选修,一般通识类,2.0,Albert Fert+赵巍胜+于海明+Nicolas Vernier+赵巍胜+于海明+Nicolas Vernier+赵巍胜
B2G030111,Dynamic System and Controls,自动化科学与电气工程学院,选修,一般通识类,2.0,Mileta Tomovic+MiletaTomovic
B2G030121,Frontier Approaches of Control Science,自动化科学与电气工程学院,选修,一般通识类,2.0,闫  鹏+李  阳+李  阳+郭玉柱
B2G030131,Introduction to System Simulation and Applications,自动化科学与电气工程学院,选修,一般通识类,2.0,Ralph Huntsinger+宋  晓
B2G030141,Electro-hydraulic Servo Control Systems,自动化科学与电气工程学院,选修,一般通识类,1.0,于黎明
B2G030151,Pilot-Aircraft Flight Control Systems,自动化科学与电气工程学院,选修,一般通识类,1.0,于黎明
B2G030171,System Optimization and Decision-making under Unce,自动化科学与电气工程学院,选修,一般通识类,2.0,Abdelkader El Kamel+AbdelkaderElKamel
B2G030201,Management and Leadership,自动化科学与电气工程学院,选修,一般通识类,2.0,Cythia Tomovic+CythiaTomovic
B2G040151,Refrigeration Technology,能源与动力工程学院,选修,一般通识类,2.0,Ge Yunting+Yunting Ge
B2G040161,Special Topics in Fluid Dynamics,能源与动力工程学院,选修,一般通识类,1.5,Lu Pong-Jeu
B2G040181,Continuum Mechanics of Fluids and Solids,能源与动力工程学院,选修,一般通识类,2.0,Li Bo
B2G040211,Why It Fails: Material Damage Prognosis and Prote,能源与动力工程学院,选修,一般通识类,1.0,杨晓光
B2G050131,Experimental Principle of Aerodynamics ,航空科学与工程学院,选修,一般通识类,2.0,王延奎
B2G050141,Finite Element Analysis in Engineering,航空科学与工程学院,选修,一般通识类,2.0,张  彤
B2G050151,Environmental Control System for Commercial Airpla,航空科学与工程学院,选修,一般通识类,2.0,张兴娟
B2G060121,Computer Animation Algorithms and Techniques,计算机学院,选修,一般通识类,2.0,潘俊君
B2G060141,Web Development with Modeling Technology,计算机学院,选修,一般通识类,2.0,HUANG Shihong+任  健+HUANGShihong+任  健
B2G070121,Materials for Engineers,机械工程及自动化学院,选修,一般通识类,1.5,Karine L.-Taillard
B2G070151,Tool Path Generation in Computer Aided Manufacturing,机械工程及自动化学院,选修,一般通识类,1.5,Sylvain Lavernhe
B2G070161,3D Parametric Product Modeling Using CATIA V5-6,机械工程及自动化学院,选修,一般通识类,1.5,Goran Devedzic
B2G070171,Technologies of Developing Personal Aerial Vehicles (PAVs),机械工程及自动化学院,选修,一般通识类,1.5,Wulan Muqi+Linghai Lu
B2G070181,Strategies and Designs for Giving an A+ Presentati,机械工程及自动化学院,选修,一般通识类,1.5,Ying Petersen
B2G080111,Corporate Finance,经济管理学院,选修,一般通识类,2.0,白  明
B2G080131,Marketing Management,经济管理学院,选修,一般通识类,1.0,许文媞
B2G080141,Microeconomics,经济管理学院,选修,一般通识类,2.0,田  琼
B2G080161,Production & Operations Management ,经济管理学院,选修,一般通识类,2.0,贾国柱
B2G090111,An Introduction to Mesh Generation Methods & Software for Scientific Computing,数学与系统科学学院,选修,一般通识类,2.0,Si Hang+SiHang
B2G090141,Scientific Visualization,数学与系统科学学院,选修,一般通识类,2.0,Wang Xiaoqiang+WangXiaoqiang
B2G090151,Optimization Methods in Finance,数学与系统科学学院,选修,一般通识类,2.0,Peng Jiming
B2G090161,Survey on Calculus,数学与系统科学学院,选修,一般通识类,1.0,魏光美
B2G120111,American Society Culture and Mass Media,外国语学院,选修,一般通识类,2.0,Wang Yong
B2G120131,Research Design and Statistics,外国语学院,选修,一般通识类,2.0,Wang Yong
B2G120221,Comparative Rhetoric: An Introduction,外国语学院,选修,一般通识类,2.0,曹巧珍+Lvming Mao
B2G120231,A Survey of China's History,外国语学院,选修,一般通识类,2.0,程艳琴
B2G120241,Rhetorical Criticism,外国语学院,选修,一般通识类,1.0,Lv Xing
B2G130141,Automotive IOT: Theory and Practice,交通科学与工程学院,选修,一般通识类,1.0,Zhengguo Sheng+ZhengguoSheng
B2G140111,Probabilistic Operations Research,可靠性与系统工程学院,选修,一般通识类,2.0,黄婷婷+David Coit
B2G170111,Fiber-optic Communication Technology,仪器科学与光电工程学院,选修,一般通识类,2.0,伊小素
B2G170131,Optical Imaging Instruments: From Classical to Quantum,仪器科学与光电工程学院,选修,一般通识类,2.0,孙鸣捷
B2G170141,Principle and Application of Lasers,仪器科学与光电工程学院,选修,一般通识类,2.0,胡姝玲
B2G180111,Global Perspectives,北京学院,选修,一般通识类,2.0,John Poladian
B2G180121,The Route to Become a Global Engineer,北京学院,选修,一般通识类,2.0,Mark Stewart
B2G180131,Invention Innovation and Entrepreneurship,北京学院,选修,一般通识类,2.0,David Trones
B2G180141,Fundamentals of International Engineering,北京学院,选修,一般通识类,2.0,Jason Whaley
B2G180151,A Survey of Chinese Culture,北京学院,选修,一般通识类,2.0,赵晓男
B2G180161,Closer to China's Economy,北京学院,选修,一般通识类,2.0,赵晓男
B2G200111,Air Law and China,法学院,选修,一般通识类,1.0,刘  浩
B2G200121,Space Law and China,法学院,选修,一般通识类,1.0,刘  浩+Fabio Tronchetti
B2G200141,International Business Law - The Legal Environment of Doing Business in China,法学院,选修,一般通识类,1.0,薄守省
B2G200161,Criminal and Procedural Law of China,法学院,选修,一般通识类,1.0,刘  浩+Cao Jing
B2G250121,Learn to Speak Chinese (B),国际学院,选修,一般通识类,2.0,郭莉萍+赵丽+熊  瑛+沙茜+张永勤+董素兰+魏扬秀+赵丽+熊  瑛+魏扬秀+赵丽+董素兰
B2G260121,Chinese Human Landscape and Artistic Heritage,新媒体艺术与设计学院,选修,一般通识类,1.0,宫万琳
B2G060151,Data Science Probabilistic Modeling and Reasoning,计算机学院,选修,一般通识类,2.0,朱皞罡
B2G020120,航空电子导航,电子信息工程学院,选修,一般通识类,1.0,赵  昀
B2G060260,数字图像工程基础,计算机学院,选修,一般通识类,1.0,李  波+胡海苗
B2G070290,创意创新创业,机械工程及自动化学院,选修,一般通识类,1.0,王田苗
B2G070310,有趣的机构发明,机械工程及自动化学院,选修,一般通识类,1.0,于靖军
B2G270150,印象北京,化学学院,选修,一般通识类,1.0,薛  峰
B2G280200,沧桑正道：中国共产党与国家治理能力和治理体系现代化,马克思主义学院,选修,一般通识类,2.0,马炳涛
B2G510210,大学生团体心理辅导,学生处武装部,选修,一般通识类,1.0,张  焰
B2G170381,人工智能导论（全英文）,仪器科学与光电工程学院,选修,一般通识类,2.0,单光存+单光存+王  卓
B2G050170,材料力学创新试验,航空科学与工程学院,选修,一般通识类,1.0,赵  婧
B2G080120,管理学原理,经济管理学院,选修,一般通识类,1.0,吴  昊
B2G090140,《工科数学分析》系列开放式讲座（1）,数学与系统科学学院,选修,一般通识类,1.0,杨小远+文  晓
B2G090160,高等数学方法应用（1）,数学与系统科学学院,选修,一般通识类,1.0,冯伟杰
B2G110260,传媒、文化与社会,人文社会科学学院,选修,一般通识类,1.0,贾哲敏
B2G170290,信息感知基础实践,仪器科学与光电工程学院,选修,一般通识类,1.0,吕妍红
B2G170350,生活教育,仪器科学与光电工程学院,选修,一般通识类,2.0,冯丽爽
B2G170390,光电探测与成像技术,仪器科学与光电工程学院,选修,一般通识类,1.0,牛燕雄
B2G190140,计算机软件技术基础,物理科学与核能工程学院,选修,一般通识类,2.0,苗明川+苗明川+陈  彦
B2G210011,计算机导论（英文）,软件学院,选修,一般通识类,2.0,吕云翔
B2G240110,公共法语（1）,中法工程师学院,选修,一般通识类,4.0,张晓雯
B2G270160,基础化学虚拟仿真实验,化学学院,选修,一般通识类,2.0,鹿现永
B2G280210,中国近现代历史人物研究,马克思主义学院,选修,一般通识类,2.0,李文爽+宋芳芳+张树焕
B2G320130,无人机制作与竞技,工程训练中心,选修,一般通识类,1.0,杨伟群+崔  剑+崔  剑
B2G510230,大学生通用学习能力,学生处武装部,选修,一般通识类,1.0,董卓宁+孙泽斌+魏  茜+丁  丁+蔺  娜+董卓宁+曾  煜+刘淼淼+孙泽斌+张艳艳+郑晓宁+纪奕欣+李  丹+高  静+王  亚+郑晓宁+董萍萍+魏  茜+高  原+刁  旭+刘淼淼
B2G560350,大学生领导力拓展与训练,校内其它单位,选修,一般通识类,1.0,雷晓锋
B2G600170,当代国际政治,校外单位,选修,一般通识类,2.0,雷建锋
50G01110,人生哲学,马克思主义学院,选修,一般通识类,1.5,郁树廷
50G01220,古今茶文化,马克思主义学院,选修,公共选修课程,1.5,田  真
B2G020110,卫星通讯和导航,电子信息工程学院,选修,一般通识类,1.0,丛  丽
B2G020211,发明、创新与创业,电子信息工程学院,选修,一般通识类,2.0,雷  鹏
B2G020221,国际工程基础,电子信息工程学院,选修,一般通识类,2.0,关振宇
B2G020230,万物互联-无线网络的前生今世,电子信息工程学院,选修,一般通识类,1.0,刘婷婷
B2G030130,飞行器自动控制导论,自动化科学与电气工程学院,选修,一般通识类,1.0,江加和
B2G030170,MATLAB基础与应用,自动化科学与电气工程学院,选修,一般通识类,1.5,袁少强
B2G030190,仿生智能计算,自动化科学与电气工程学院,选修,一般通识类,1.0,段海滨
B2G060110,计算机网络,计算机学院,选修,一般通识类,1.5,李  巍
B2G060220,社会计算导论,计算机学院,选修,一般通识类,1.0,童  超
B2G060330,MATLAB图像与视频处理实用案例分析,计算机学院,选修,一般通识类,2.0,郑  锦+张永飞
B2G070160,机器人控制技术基础,机械工程及自动化学院,选修,一般通识类,1.0,李大寨
B2G100150,美容化妆品学,生物与医学工程学院,选修,一般通识类,1.0,荣  龙
B2G100170,动物行为与伦理,生物与医学工程学院,选修,一般通识类,1.0,刘美丽
B2G100180,空间生命保障技术,生物与医学工程学院,选修,一般通识类,2.0,刘  红
B2G110310,中国当代文学,人文社会科学学院,选修,一般通识类,2.0,于淑静
B2G150220,无人机系统概论,宇航学院,选修,一般通识类,1.0,王长辉
B2G170130,激光技术及应用,仪器科学与光电工程学院,选修,一般通识类,2.0,刘惠兰
B2G170220,激光雷达趣味导论,仪器科学与光电工程学院,选修,一般通识类,1.0,李小路
B2G270110,易学入门,化学学院,选修,一般通识类,1.0,薛  峰
B2G351030,涉外礼仪,国际通用工程学院,选修,一般通识类,1.0,赵海云
B2G520130,学术信息发现与利用,图书馆,选修,一般通识类,1.0,宋  爽
B2G010120,月球科学与探月工程,材料科学与工程学院,选修,一般通识类,1.0,卢惠民
B2G010140,21世纪新能源,材料科学与工程学院,选修,一般通识类,1.0,卢惠民
B2G010150,纳米科学与技术导论,材料科学与工程学院,选修,一般通识类,1.0,于  美
B2G010190,走进先进电池,材料科学与工程学院,选修,一般通识类,1.0,刘晓芳+刘晓芳+水江澜
B2G020160,大学生电子设计实训,电子信息工程学院,选修,一般通识类,1.0,张玉玺
B2G020251,大学学习及研究方法概论,电子信息工程学院,选修,一般通识类,1.0,刘兴春
B2G030110,航空电子系统概论,自动化科学与电气工程学院,选修,一般通识类,1.0,刘  中
B2G030120,导航技术发展概论,自动化科学与电气工程学院,选修,一般通识类,1.0,赵  龙
B2G030140,机器人技术,自动化科学与电气工程学院,选修,一般通识类,2.0,裴忠才+唐志勇
B2G030180,可靠性工程,自动化科学与电气工程学院,选修,一般通识类,1.5,石  健
B2G030210,项目管理概述,自动化科学与电气工程学院,选修,一般通识类,1.0,高元楼
B2G030220,机电系统健康管理技术,自动化科学与电气工程学院,选修,一般通识类,1.0,王少萍+张  超
B2G030260,电子系统设计综合创新实践,自动化科学与电气工程学院,选修,一般通识类,1.0,肖  瑾+张秀磊+范昌波
B2G030290,飞机容错控制系统,自动化科学与电气工程学院,选修,一般通识类,1.0,王兴坚
B2G040110,新能源技术概论,能源与动力工程学院,选修,一般通识类,1.0,陈  江+杜  刚
B2G040120,节能减排概论,能源与动力工程学院,选修,一般通识类,1.0,齐红宇+杜  刚+甘志文+刘  贺
B2G060120,C与C++程序设计语言,计算机学院,选修,一般通识类,2.0,盛  浩+刘  禹+刘  禹
B2G060210,动画设计与应用,计算机学院,选修,一般通识类,1.0,吴秀娟
B2G070150,环境设计,机械工程及自动化学院,选修,一般通识类,1.0,张  融
B2G070250,科技论文写作概论,机械工程及自动化学院,选修,一般通识类,1.0,蔡  军
B2G070280,京昆艺术赏析,机械工程及自动化学院,选修,一般通识类,1.0,陈  路
B2G080140,电子商务概论,经济管理学院,选修,一般通识类,1.0,闪四清
B2G080170,市场营销,经济管理学院,选修,一般通识类,1.0,李晨溪
B2G080180,职业生涯规划,经济管理学院,选修,一般通识类,1.0,苏文平+牟  晖
B2G090130,数学实验,数学与系统科学学院,选修,一般通识类,1.5,李  娅
B2G090150,《工科数学分析》系列开放式讲座（2）,数学与系统科学学院,选修,一般通识类,1.0,杨小远
B2G090170,高等数学方法应用（2）,数学与系统科学学院,选修,一般通识类,1.0,李美生+李  娅
B2G090180,数学中的典型例题与技巧,数学与系统科学学院,选修,一般通识类,1.0,李美生+李  娅
B2G110110,航空航天发展史,人文社会科学学院,选修,一般通识类,2.0,李成智
B2G110140,形式逻辑,人文社会科学学院,选修,一般通识类,1.0,曹庆萍
B2G110150,世界经济500年,人文社会科学学院,选修,一般通识类,1.0,张  丽
B2G110170,中外经济发展研究专题,人文社会科学学院,选修,一般通识类,1.0,张  丽
B2G120230,俄语二外（2） ,外国语学院,选修,一般通识类,2.0,王  蓉
B2G130130,现代汽车设计方法概论,交通科学与工程学院,选修,一般通识类,1.0,姬芬竹
B2G130260,大学生建筑结构设计竞赛,交通科学与工程学院,选修,一般通识类,2.0,周  耀
B2G150130,天文基础与航天,宇航学院,选修,一般通识类,1.0,胡维多
B2G150140,空间碎片与航天器,宇航学院,选修,一般通识类,1.0,贾光辉
B2G150190,动力技术,宇航学院,选修,一般通识类,1.0,王安良
B2G170110,物理效应及其应用,仪器科学与光电工程学院,选修,一般通识类,1.0,李长胜
B2G170161,A Brief History of Machine Intelligence,仪器科学与光电工程学院,选修,一般通识类,2.0,王  卓
B2G170330,3D扫描和数字化建模处理 ,仪器科学与光电工程学院,选修,一般通识类,1.0,欧  攀
B2G170340,3D打印和3D建模,仪器科学与光电工程学院,选修,一般通识类,1.0,欧  攀
B2G170420,量子物理史话,仪器科学与光电工程学院,选修,一般通识类,2.0,翟跃阳
B2G170430,走近传感器,仪器科学与光电工程学院,选修,一般通识类,1.0,樊尚春
B2G260110,中外现代设计鉴赏,新媒体艺术与设计学院,选修,一般通识类,1.0,庄维嘉
B2G260140,动画赏析与设计基础,新媒体艺术与设计学院,选修,一般通识类,1.0,卫诗磊
B2G270120,化学大师与化学发展,化学学院,选修,一般通识类,1.0,杨青林+郑咏梅+赵  勇+孙艳明+刘宇宙+刘明杰
B2G270170,生态文明与美丽中国,化学学院,选修,一般通识类,2.0,杨  军
B2G280120,生命教育,马克思主义学院,选修,一般通识类,1.0,郁树廷
B2G280180,多维视角下的中国大学,马克思主义学院,选修,一般通识类,2.0,何思源
B2G300211,环境与可持续发展,空间与环境学院,选修,一般通识类,1.0,范文宏
B2G510140,伦理学,学生处武装部,选修,一般通识类,1.0,邵明英
B2G560140,20世纪西方音乐大师及经典作品赏析,团委,选修,一般通识类,1.0,张  聪
B2G560270,职业发展与就业指导（1）,招生就业处,选修,一般通识类,1.0,赵  敏+袁文婧+刘  洋
B2G560440,大学生应急救援知识与技能,校机关,选修,一般通识类,1.0,许  可+查国清+查国清+孙铭涛
B2G010131,Functional Structural Materials in Nature: From Protection to Sensing,材料科学与工程学院,选修,一般通识类,1.0,Beth MORTIMER+管  娟
B2G030211,Computing Fundamentals and Vision Technology ,自动化科学与电气工程学院,选修,一般通识类,2.0,Jungong Han+张宝昌
B2G030231,Basics of Computer-Based Modelling and Simulation: Methodologies Technologies and Applications,自动化科学与电气工程学院,选修,一般通识类,2.0,Axel Lehmann+Zhongshi Wang
B2G030241,Machine Learning Theory and Application,自动化科学与电气工程学院,选修,一般通识类,2.0,Yida Richard XU
B2G030251,Advanced CAD/CAM Systems,自动化科学与电气工程学院,选修,一般通识类,2.0,Xianzhi Zhang+徐  东+戴  伟
B2G040221,Analytical and Characterization Techniques for Materials,能源与动力工程学院,选修,一般通识类,2.0,SHANG Lihong+Lihong Shang
B2G040231,Materials Science and Engineering,能源与动力工程学院,选修,一般通识类,2.0,Stephen YUE
B2G040241,Elasticity and Mechanics of Solids,能源与动力工程学院,选修,一般通识类,2.0,Song Jun
B2G040251,Introduction to Fatigue and Damage Tolerance in Aerospace Engineering ,能源与动力工程学院,选修,一般通识类,2.0,XIA Yuying
B2G040271,Optical Diagnostic Techniques for Soot Measurements in Flames,能源与动力工程学院,选修,一般通识类,1.0,LIU Fengshan+Fengshan Liu
B2G040281,Thermodynamics,能源与动力工程学院,选修,一般通识类,2.0,Jenping Chen 
B2G040291,Heat Transfer ,能源与动力工程学院,选修,一般通识类,1.0,Wong Teck Neng
B2G060161,Digital Visual Information Processing,计算机学院,选修,一般通识类,2.0,陆  峰
B2G070191,3D Parametric Product Modeling Using CATIA,机械工程及自动化学院,选修,一般通识类,2.0,Goran Devedzic+GoranDevedzic
B2G070201,Product Design for Innovation,机械工程及自动化学院,选修,一般通识类,2.0,王运巧+陈  路+王运巧+陈  路+王  韫
B2G070221,Employ Laser for Manufacturing Industry,机械工程及自动化学院,选修,一般通识类,2.0,管迎春
B2G070231,Introduction to Engineering Mechanics,机械工程及自动化学院,选修,一般通识类,2.0,Hongbing Fang
B2G070241,Mechanics of Deformable Bodies,机械工程及自动化学院,选修,一般通识类,2.0,Fodil Meraghni
B2G070251,Technologies of Developing Personal Aerial Vehicles (PAVs) ,机械工程及自动化学院,选修,一般通识类,2.0,Wulan Muqi+Linghai Lu+MuqiWulan+LinghaiLu
B2G070261,Strategies and Designs for Giving an A+ Presentation,机械工程及自动化学院,选修,一般通识类,2.0,Ying Petersen+YingPetersen
B2G070281,Fundamental of Robotic Mechanism Design,机械工程及自动化学院,选修,一般通识类,1.5,Haijun Su
B2G100121,Modern Energy Sources and the Environment,生物与医学工程学院,选修,一般通识类,2.0,Randall Manteufel
B2G120151,Chinese Visual Rhetoric,外国语学院,选修,一般通识类,1.0,孙  梅
B2G120161,Cross Cultural Communication between China and the U.S.,外国语学院,选修,一般通识类,1.0,Wang Juefei
B2G120271,Appreciating Written Texts,外国语学院,选修,一般通识类,2.0,方称宇
B2G120321,Elastic Language in Chinese and English: Essential for Successful ,外国语学院,选修,一般通识类,2.0,Grace Qiao Zhang
B2G120331,Macro Economics: Introduction to Game Theory,外国语学院,选修,一般通识类,1.0,Sara Justine Solnick
B2G120341,Rhetoric Theory,外国语学院,选修,一般通识类,1.0,Lv Xing
B2G120351,European Literature,外国语学院,选修,一般通识类,2.0,Bart van den Bossche
B2G130161,Automotive Design Process,交通科学与工程学院,选修,一般通识类,1.0,徐宏明
B2G130201,Automatic Control Engineering with Applications on Vehicles,交通科学与工程学院,选修,一般通识类,2.0,张  辉
B2G130211,Structural Analysis I,交通科学与工程学院,选修,一般通识类,2.0,吴  超
B2G130221,Introduction to Airport  Engineering,交通科学与工程学院,选修,一般通识类,2.0,xiaosong xiao
B2G140121,Movement Analysis Practice and Applications,可靠性与系统工程学院,选修,一般通识类,2.0,井志伟+黄婷婷
B2G150131,Aserospace Composites Structures,宇航学院,选修,一般通识类,2.0,KONG Changduk
B2G150141,Introduction to Spacecraft Dynamics and Control,宇航学院,选修,一般通识类,1.0,贾英宏+钟  睿
B2G160011,Airport Technology,飞行学院,选修,一般通识类,1.0,Gabriel Lodewijks
B2G160111,Aircraft and Flying,飞行学院,选修,一般通识类,2.0,水恒涌
B2G170151,Fundamentals Photonics Technology,仪器科学与光电工程学院,选修,一般通识类,2.0,郭  琦+郭  琦+Vladimir Chigrinov
B2G170171,Introduction to Soild-state Physics,仪器科学与光电工程学院,选修,一般通识类,2.0,单光存
B2G170361,Fiber Optics,仪器科学与光电工程学院,选修,一般通识类,2.0,丁  铭
B2G210121,Introduction to Model-Checking Timed Systems: Theory and Practice,软件学院,选修,一般通识类,2.0,Silvano DAL ZILIO
B2G250131,Chinese Culture Experience,国际学院,选修,一般通识类,1.0,张永勤+沙茜+张永勤+李仲凡+沙茜
B2G260131,Computer Vision: Design & Application,新媒体艺术与设计学院,选修,一般通识类,1.0,曹翀+曹  翀
B2G050190,私用飞机驾驶员执照理论基础,航空科学与工程学院,选修,一般通识类,2.0,王黎静+姬瑞鹏
B2G080190,人身保险,经济管理学院,选修,一般通识类,1.5,蒋  虹
B2G110350,经典小说与影片赏析,人文社会科学学院,选修,一般通识类,2.0,于淑静
B2G110360,古典诗歌鉴赏,人文社会科学学院,选修,一般通识类,2.0,于淑静
B2G130150,大学生方程式赛车设计与竞赛,交通科学与工程学院,选修,一般通识类,1.0,林海英
B2G140120,面向工业4.0的创新创业学习与实践,可靠性与系统工程学院,选修,一般通识类,2.0,马  剑
B2G170371,固态微纳传感元件基础（全英文）,仪器科学与光电工程学院,选修,一般通识类,2.0,袁  珩+翟跃阳
B2G240130,高级翻译,中法工程师学院,选修,一般通识类,2.0,周晓刚
B2G251310L,俗语选讲,国际学院,选修,一般通识类,1.0,魏扬秀
B2G252330L,汉字文化,国际学院,选修,一般通识类,1.0,张永勤
B2G280220,坚持党对人民军队的绝对领导——“习近平新时代中国特色社会主义思想研究”市级思想政治理论课系列,马克思主义学院,选修,一般通识类,2.0,张树焕+临时教师1+临时教师2
B2G100181,进化、行为与生态（全英文）,生物与医学工程学院,选修,一般通识类,1.0,陈建安
B2G100190,环境生物治理技术,生物与医学工程学院,选修,一般通识类,2.0,谢倍珍
B2G130220,Python编程与智能车技术,交通科学与工程学院,选修,一般通识类,2.0,徐国艳
B2G150240,揭秘小天体,宇航学院,选修,一般通识类,1.0,王  悦
B2G510240,青年思享进阶,学生处武装部,选修,一般通识类,1.0,董卓宁+赵巍胜+董卓宁
B2G700110,大国领袖,北航学院,选修,一般通识类,1.0,彭付芝+高  宁
B2G700120,航空航天科技与工程通识,北航学院,选修,一般通识类,1.0,高  静+梁伟涛+杨超+万志强+高  静
B2G700130,语言与表演艺术,北航学院,选修,一般通识类,1.0,李广玉+蒋  茁+孟昭宜+李广玉+孟昭宜
B2G700140,如何走近京剧,北航学院,选修,一般通识类,1.0,费玉平
B2G700150,素描与绘画艺术赏析,北航学院,选修,一般通识类,1.0,宫浩钦
B2G700160,交响乐入门与小提琴艺术实践,北航学院,选修,一般通识类,1.0,张  聪+蒋  茁+孟中男
B2G700170,大学生自我管理与修养提升,北航学院,选修,一般通识类,0.5,马  琳
B2G700180,本科生学业规划,北航学院,选修,一般通识类,1.0,苏文平+赵  敏+郑晓宁+苏文平+袁文婧+丁  丁+梁伟涛+董萍萍+高  静+郑晓宁+魏  茜
B2GA10010M,走进故宫,校外单位,选修,一般通识类,1.0,智慧树
B2GA10020M,艾滋病、性与健康,校外单位,选修,一般通识类,1.0,智慧树
B2G030330 ,无人机自主控制与管理系统设计,自动化科学与电气工程学院,选修,一般通识类,2.0,王宏伦
B2G060340,人工智能实战,计算机学院,选修,一般通识类,2.0,邹  欣+高小鹏
B2G111110L,中国音乐欣赏与实践,人文社会科学学院,选修,一般通识类,1.5,苏丹娜
B2G120411,英语演讲名篇赏析,外国语学院,任修,一般通识类,2.0,胥国红
B2G120421,学术英语口语,外国语学院,任修,一般通识类,2.0,徐  涛
B2G170140,医学成像技术概论,仪器科学与光电工程学院,任修,一般通识类,2.0,马建国
B2G170360,信息显示技术,仪器科学与光电工程学院,任修,一般通识类,2.0,王琼华
B2G280230,科学技术与社会导论,马克思主义学院,任修,一般通识类,2.0,王晶金
B2G352031,面向工程师的实际伦理问题,国际通用工程学院,任修,一般通识类,1.0,Harold Paul Sjursen
B2G560260,戏剧鉴赏（2）,团委,任修,一般通识类,1.0,钱晓天
B2G010210,元素的故事,材料科学与工程学院,任修,一般通识类,2.0,周  健
B2G030320,微纳米技术导论,自动化科学与电气工程学院,选修,一般通识类,1.0,张  蓓
B2G040141,新能源技术概论（全英文）,能源与动力工程学院,任修,一般通识类,1.0,刁训刚
B2G130240,大学生建筑结构设计竞赛,交通科学与工程学院,任修,一般通识类,3.0,周  耀
B2G170180,光电对抗技术,仪器科学与光电工程学院,选修,一般通识类,1.0,牛燕雄
B2G170190,计算成像技术导论,仪器科学与光电工程学院,选修,一般通识类,1.0,屈玉福
B2G170370,挑战测量极限--量子精密测量,仪器科学与光电工程学院,任修,一般通识类,2.0,全  伟
B2G170440,磁悬浮技术概论,仪器科学与光电工程学院,选修,一般通识类,1.0,孙津济
B2G260150,视觉艺术符号学导论 ,新媒体艺术与设计学院,任修,一般通识类,1.0,宫万琳
B2G280240,社会调研经典案例分析,马克思主义学院,任修,一般通识类,1.0,梁天屹
B2G700190,领导力开发,北航学院,任修,一般通识类,0.5,武  欣
B2G030261,Introduction of Robotics,自动化科学与电气工程学院,任修,一般通识类,2.0,王兴坚
B2G030281,Advanced Computer Aided Design (CAD),自动化科学与电气工程学院,任修,一般通识类,2.0,Xianzhi Zhang
B2G040301,Heat transfer,能源与动力工程学院,任修,一般通识类,2.0,Hongwei WU
B2G070311,Deployable and Tension Structures,机械工程及自动化学院,任修,一般通识类,1.0,You Zhong
B2G070321,System and Entreprise Engineering,机械工程及自动化学院,任修,一般通识类,1.0,Ali Siadat
B2G100131,Atherosclerosis Vulnerability Assessment: From In Vivo Imaging To Biomechanics,生物与医学工程学院,任修,一般通识类,1.0,Teng Zhongzhao
B2G120371,Progression from English Study to Interpreting and Translation Competence: Principles and Strategies,外国语学院,任修,一般通识类,1.0,Wang Binhua
B2G120381,Understanding Chinese Communication,外国语学院,任修,一般通识类,2.0,Grace Qiao Zhang
B2G120391,English for Acadamic Proposes: Acadamic Writing,外国语学院,任修,一般通识类,1.0,Elizabeth S. Rangel
B2G130231,Fuel Cell Fundamentals,交通科学与工程学院,任修,一般通识类,1.0,李蕴琪
B2G130241,Fuzzy Control and Applications,交通科学与工程学院,任修,一般通识类,1.0,Haiping Du
B2G140131,Reliability Design and Verification,可靠性与系统工程学院,任修,一般通识类,2.0,李晓阳
B2G140141,Introduction to Reliability Modelling and Analysis,可靠性与系统工程学院,任修,一般通识类,2.0,曾志国
B2G150151,Fundamental Astronomy and Space Technology,宇航学院,选修,一般通识类,1.0,胡维多
B2G150161,Solar System Bodies and Exploration,宇航学院,选修,一般通识类,1.0,王  悦+桂海潮
B2G170311,Introduction to Photogrammetry,仪器科学与光电工程学院,任修,一般通识类,1.0,李旭东
B2G170321,Introduction of Space Exploration,仪器科学与光电工程学院,任修,一般通识类,2.0,刘  杨
B2G170331,Medical Imaging Inside Out,仪器科学与光电工程学院,任修,一般通识类,2.0,马建国
B2G190121,Plasma Electron and Ion Source Based on Glow and Arc Discharges: Physics Technology and Some Applications for Surface Modification,物理科学与核能工程学院,任修,一般通识类,1.5,Efim Oks
B2G190131,Magnetron Sputtering of Functional Thin Films: Present Status and Trends,物理科学与核能工程学院,任修,一般通识类,1.0,Sergei Zenkin
B2G190141,Diagnostics of Intense Pulsed Electron and Ion Beams,物理科学与核能工程学院,任修,一般通识类,1.5,Vladislav Ryzhkov 
B2G190151,High-power Pulsed Accelerators of Charged Particles,物理科学与核能工程学院,任修,一般通识类,1.5,莱姆涅夫
B2G190161,Surface Materials Modification by Pulsed Energy Flows,物理科学与核能工程学院,任修,一般通识类,2.0,Uladzimir Uhlou
B2G270181,Transition Metal Complexes and Their Light-emitting Applications,化学学院,任修,一般通识类,2.0,黄维扬
B2G280111,Contemporary Chinese Foreign Policy and Its Global Governance Approach,马克思主义学院,任修,一般通识类,1.0,关孔文
B2G300121,Introduction to Environmental Science and Engineering,空间与环境学院,任修,一般通识类,2.0,申芳霞+梁  洁+Wenhong Li
B2G300131,Space Physics Fundamentals,空间与环境学院,任修,一般通识类,1.0,Lui Anthony
B2G350021,Drama (Theater Arts),国际通用工程学院,任修,一般通识类,1.0,Gary Lee Holstein
B1B351111,计算机科学与程序设计,国际通用工程学院,必修,工程基础类,3.0,Sebastian Wandelt+Sebastian Wandelt
B1B351121,数据管理和人工智能 ,国际通用工程学院,必修,工程基础类,3.0,Sebastian Wandelt+Sebastian Wandelt
B1B032110,模拟电子技术基础,自动化科学与电气工程学院,必修,工程基础类,4.0,唐  瑶
B1B032120,数字电子技术基础,自动化科学与电气工程学院,必修,工程基础类,3.0,王建华+张  静
B1B033010,微机原理及接口技术,自动化科学与电气工程学院,必修,工程基础类,3.0,刘  丽+林  新+李  妮
B1B033020,电气技术实践（2）,自动化科学与电气工程学院,必修,工程基础类,2.0,范昌波+申文达+孙  丹+李  莉+张  静+侯  钢+吴  冠+侯  钢+范昌波+孙  丹+张  静+侯  钢+李  可+黄亚玲+岳昊嵩
B1B033021,电气技术实践（2）（全英文）,自动化科学与电气工程学院,必修,工程基础类,2.0,黄亚玲
B1B033070,微机原理,自动化科学与电气工程学院,必修,工程基础类,2.5,袁海斌+范昌波
B1B033110,电磁场基础,自动化科学与电气工程学院,必修,工程基础类,3.5,肖春燕+陈兴乐
B1B05085A,热工基础B,航空科学与工程学院,选修,工程基础类,2.0,赵竞全
B1B052110,空气动力学A,航空科学与工程学院,必修,工程基础类,5.0,张  华
B1B05317B,空气动力学B（1）,航空科学与工程学院,必修,工程基础类,3.0,刘沛清+屈秋林
B1B073040,机械设计基础A(2),机械工程及自动化学院,必修,工程基础类,3.0,李秀琴+杨  洋+李秀琴+吴  琼+裴  旭
B1B073060,机械设计基础B(2),机械工程及自动化学院,必修,工程基础类,3.0,王之栎+马  纲+宁凤艳+王延忠+杨毅青+孙明磊+刘继红
B1B073120,流体传动,机械工程及自动化学院,必修,工程基础类,2.0,张建斌+万  敏+祁晓野+关世伟+吴向东+马俊功+李万国+李卫东
B1B103160,计算机组成原理与系统结构,生物与医学工程学院,必修,工程基础类,2.0,刘  涛
B1B322020,机械工程技术训练B,工程训练中心,必修,工程基础类,2.0,孙英蛟
B1B323010,综合创新训练,工程训练中心,必修,工程基础类,3.0,张  欣
B3B05314B,弹性力学*,航空科学与工程学院,必修,工程基础类,3.0,杨振宇
B1B322040,电子工程技术训练,工程训练中心,必修,工程基础类,2.0,张务谦
B1B023110,电子电路设计训练,电子信息工程学院,必修,工程基础类,2.0,刘兴春+张杰斌
B1B023150,微机原理与接口技术,电子信息工程学院,必修,工程基础类,3.0,秦红磊+路  辉+金  天+丛  丽+刘久文
B1B073080,机械设计综合实践A,机械工程及自动化学院,必修,工程基础类,3.0,马  纲+吴  琼+裴  旭+边宇枢+王之栎+李  勋+张建斌+李秀琴
B1B073090,机械设计综合实践B,机械工程及自动化学院,必修,工程基础类,2.0,李秀琴+马  纲+王之栎+张武翔+张建斌+王  伟+毕树生+高志慧
B1B102130,数值计算方法,生物与医学工程学院,必修,工程基础类,2.0,张冀聪+张光磊
B1B102140,数学物理方法,生物与医学工程学院,必修,工程基础类,3.0,许  燕
B1B102170,生物与医学工程研究方法,生物与医学工程学院,必修,工程基础类,2.0,蒲  放+胡大伟+牛旭锋
B1B102180,机械设计基础,生物与医学工程学院,必修,工程基础类,3.0,裴葆青+刘文勇
B1B352121,航空工程设计与制造基础,国际通用工程学院,限修,工程基础类,3.0,裴  旭
B1B352721,机械原理与设计（1）,国际通用工程学院,限修,工程基础类,3.0,于靖军+王玉亮
B1B322070,机械工程技术训练B,工程训练中心,必修,工程基础类,2.0,孙英蛟
B1A271020,大学化学B,化学学院,必修,数学与自然科学类,2.5,刘  欢+刘克松
B1A271041L,普通化学,化学学院,必修,数学与自然科学类,1.5,翟  锦
B1A09204A,概率统计A,数学与系统科学学院,必修,数学与自然科学类,3.0,阮元龙
B1A09103B,线性代数,数学与系统科学学院,必修,数学与自然科学类,4.0,王拥军
B1A27114D,有机化学,化学学院,必修,数学与自然科学类,2.0,陈贻炽
B3I022910,综合创新-模拟通信,电子信息工程学院,必修,核心专业类,2.0,孙进平+何云涛+雷  鹏
B3I170320,科技实践课（2）,仪器科学与光电工程学院,必修,核心专业类,1.0,吕妍红+刘惠兰+张  晞+张延顺
B3I062150,面向对象设计与构造,计算机学院,必修,核心专业类,3.0,诸彤宇+吴  际+纪一鹏+荣文戈
B3I062410,计算机组成课程设计,计算机学院,必修,核心专业类,3.0,万  寒+李辉勇+杨建磊+傅翠娇+张  亮+李辉勇
B3083111D,能源技术概论,经济管理学院,必修,核心专业类,2.0,朱  磊
B3I013240,高分子物理,材料科学与工程学院,必修,核心专业类,3.0,杨继萍
B3I013250,电化学原理,材料科学与工程学院,必修,核心专业类,3.0,李松梅
B3I013260,材料物理性能,材料科学与工程学院,必修,核心专业类,3.0,毕晓昉
B3I013270,材料力学性能,材料科学与工程学院,必修,核心专业类,3.0,张  峥+吴素君
B3I013310,材料合成与制备自主综合实验,材料科学与工程学院,必修,核心专业类,1.0,沙江波
B3I013320,材料的组成与结构分析综合实验,材料科学与工程学院,必修,核心专业类,1.0,周春根
B3I013330,材料的物理和力学性能综合实验,材料科学与工程学院,必修,核心专业类,1.0,毕晓昉
B3I013340,材料的环境作用与电化学综合实验,材料科学与工程学院,必修,核心专业类,1.0,李松梅
B3I013350,材料的工艺成型技术综合实验,材料科学与工程学院,必修,核心专业类,1.0,王  凯
B3I023150,微波技术,电子信息工程学院,必修,核心专业类,3.5,全绍辉+苗俊刚+叶修竹+王正鹏+邓  晖+胡岸勇+阮存军+武建华+白  明+诸葛晓栋
B3I023160,电子电路（2）,电子信息工程学院,必修,核心专业类,3.5,刘荣科+洪  韬+赵  琦+孙  桦+杨昕欣+田亚飞
B3I023170,数字电路与系统,电子信息工程学院,必修,核心专业类,3.5,熊华钢+何  锋+高  强+何  锋+王  彤+何  锋+李  峭
B3I023180,数字信号处理,电子信息工程学院,必修,核心专业类,3.5,王  俊+魏少明+万国龙+孙国良+雷  鹏
B3I023190,随机过程理论,电子信息工程学院,必修,核心专业类,2.0,张有光+李春升+徐华平+门志荣+杨  威
B3I023920,综合创新-数字通信,电子信息工程学院,必修,核心专业类,2.0,张玉玺+哈聪颖+刁为民+韩圣千+魏少明+王  俊
B3I03301A,电气工程及其自动化专业导论,自动化科学与电气工程学院,必修,核心专业类,1.0,马齐爽+郭  宏+武建文+张俊民+肖春燕+赵向阳+王  永+吴  静+丁晓峰
B3I033111,自动控制原理A（1）（全英文）,自动化科学与电气工程学院,必修,核心专业类,3.0,王  薇
B3I03311A,自动控制原理A（1）,自动化科学与电气工程学院,必修,核心专业类,3.0,林  岩+诸  兵+王艳东+邱红专+张国峰+左宗玉
B3I03311B,自动控制原理B（1）,自动化科学与电气工程学院,必修,核心专业类,2.5,铁  林+邱红专+宋  华
B3I03313A,自动控制原理实验A（1）,自动化科学与电气工程学院,必修,核心专业类,1.0,刘  中+崔  勇+袁少强+张军香+林  新
B3I033210,电力电子技术B,自动化科学与电气工程学院,必修,核心专业类,2.0,武建文+张俊民
B3I033220,自动控制元件,自动化科学与电气工程学院,必修,核心专业类,2.5,金  巍+赵向阳+赵向阳
B3I033230,自动控制元件与电力电子技术实验,自动化科学与电气工程学院,必修,核心专业类,1.0,张磊
B3I033240,微机原理及接口技术实验,自动化科学与电气工程学院,必修,核心专业类,1.0,刘  丽+李  妮+姚  楠+林  新
B3I042130,气体动力学（2）,能源与动力工程学院,必修,核心专业类,2.0,额日其太
B3I04314B,传热学,能源与动力工程学院,必修,核心专业类,2.0,李志强+邓宏武+朱剑琴
B3I043150,自动控制原理B,能源与动力工程学院,必修,核心专业类,2.5,王  磊
B3I043160,弹性力学,能源与动力工程学院,必修,核心专业类,2.0,闫晓军+张小勇
B3I043210,航空发动机原理（1）,能源与动力工程学院,必修,核心专业类,2.0,桂幸民
B3I043230,航空发动机原理（2）,能源与动力工程学院,必修,核心专业类,1.5,刘玉英
B3I043410,能量系统分析 ,能源与动力工程学院,必修,核心专业类,2.0,李志强+李海旺
B3I053110,飞机总体设计,航空科学与工程学院,必修,核心专业类,3.0,刘  虎+张云飞+周尧明+罗明强+杨穆清
B3I05312B,飞机结构设计,航空科学与工程学院,必修,核心专业类,3.5,何景武+谢长川+罗漳平+程小全+张纪奎
B3I053150,自动控制原理B,航空科学与工程学院,必修,核心专业类,3.0,董朝阳+严  德+屈香菊+孙立国+苏  媛+朱  磊
B3I05320B,热工基础A（2）,航空科学与工程学院,必修,核心专业类,2.0,林贵平+柏立战
B3I073330,制造工程基础(2),机械工程及自动化学院,必修,核心专业类,3.0,陈志同+陈华伟+彭  翀+李  勋+韩先国+孙剑飞
B3I073410,机电控制工程基础,机械工程及自动化学院,必修,核心专业类,2.5,丑武胜+王美清+刘  强+袁松梅
B3I073420,机电传动控制,机械工程及自动化学院,必修,核心专业类,2.0,齐铂金+张  伟+刘艳强+杨明轩
B3I073570,设计专题,机械工程及自动化学院,必修,核心专业类,2.0,尹  虎
B3I073580,专业课程设计(1),机械工程及自动化学院,必修,核心专业类,1.0,张  融
B3I073730,产品模型制作(2),机械工程及自动化学院,必修,核心专业类,1.5,刘永瞻
B3I073790,视觉传达设计(2),机械工程及自动化学院,必修,核心专业类,1.5,尹  虎+王  韫
B3I08224D,管理会计,经济管理学院,必修,核心专业类,2.0,胡延杰
B3I082270,课程设计（人力资源管理）,经济管理学院,必修,核心专业类,0.5,马  琳
B3I082280,课程设计（管理会计）,经济管理学院,必修,核心专业类,0.5,胡延杰
B3I08229C,人力资源管理,经济管理学院,必修,核心专业类,2.0,马  琳
B3I08229D,金融机构管理,经济管理学院,必修,核心专业类,3.0,蒋  虹
B3I083310,课程设计(市场营销),经济管理学院,必修,核心专业类,0.5,张明立
B3I08331C,工程经济学,经济管理学院,必修,核心专业类,2.0,郑  筠
B3I083320,课程设计(物流管理),经济管理学院,必修,核心专业类,0.5,赵秋红
B3I083330,课程设计（高级财务会计）,经济管理学院,必修,核心专业类,0.5,潘立新
B3I08333D,管理信息系统,经济管理学院,必修,核心专业类,2.0,贾素玲
B3I08334C,市场营销,经济管理学院,必修,核心专业类,2.5,张明立
B3I08335C,生产与运作管理,经济管理学院,必修,核心专业类,2.5,黄海军+贾国柱
B3I08336C,物流管理,经济管理学院,必修,核心专业类,2.0,赵秋红
B3I08341C,计量经济学,经济管理学院,必修,核心专业类,3.0,马  杰
B3I08343C,财政学,经济管理学院,必修,核心专业类,1.5,白胜玲
B3I083450,课程设计（国际贸易实务）,经济管理学院,必修,核心专业类,0.5,白胜玲
B3I08345D,成本会计,经济管理学院,必修,核心专业类,2.0,赵  莹
B3I08346D,高级财务会计,经济管理学院,必修,核心专业类,2.5,潘立新
B3I083490,课程设计(金融衍生工具),经济管理学院,必修,核心专业类,0.5,李  平
B3I08350D,非参数统计,经济管理学院,必修,核心专业类,3.0,王珊珊
B3I08355D,信息资源管理,经济管理学院,必修,核心专业类,2.0,刘冠男
B3I08358D,人工智能,经济管理学院,必修,核心专业类,1.5,王  君
B3I08362D,系统工程与工业工程原理,经济管理学院,必修,核心专业类,2.0,邓修权
B3I08363D,工作研究,经济管理学院,必修,核心专业类,2.0,王赫鑫
B3I08368D,国际金融,经济管理学院,必修,核心专业类,2.0,蒋  虹
B3I08373D,国际贸易实务,经济管理学院,必修,核心专业类,2.0,白胜玲
B3I08381D,MATLAB应用,经济管理学院,必修,核心专业类,1.5,罗开平
B3I08386D,金融衍生工具,经济管理学院,必修,核心专业类,2.0,李  平
B3I08387D,金融计量学,经济管理学院,必修,核心专业类,2.0,杨继平
B3I08390D,投入产出 ,经济管理学院,必修,核心专业类,2.0,夏炎
B3I08392D,时间序列分析,经济管理学院,必修,核心专业类,2.0,王珊珊
B3I08398D,环境经济学 ,经济管理学院,必修,核心专业类,2.5,喻雪莹
B3I08399D,能源市场,经济管理学院,必修,核心专业类,2.0,方  虹
B3I09311A,微分几何,数学与系统科学学院,必修,核心专业类,3.0,贺慧霞+张世金+余建明
B3I09332A,偏微分方程,数学与系统科学学院,必修,核心专业类,3.0,王  益
B3I09341A,信息论与编码,数学与系统科学学院,必修,核心专业类,3.0,牟晨琪
B3I09351A,计算数论,数学与系统科学学院,必修,核心专业类,3.0,高  鹏
B3I09361A,组合与图论,数学与系统科学学院,必修,核心专业类,3.0,唐绍婷+陈  巍
B3I09371A,信息安全基础,数学与系统科学学院,必修,核心专业类,3.0,张  筱
B3I09381A,抽象代数（2）,数学与系统科学学院,必修,核心专业类,3.0,方明
B3I101220,解剖生理学实验,生物与医学工程学院,必修,核心专业类,2.0,周  钢
B3I103110,生物技术,生物与医学工程学院,必修,核心专业类,3.0,谢倍珍+付玉明
B3I103120,免疫学,生物与医学工程学院,必修,核心专业类,2.0,易宗春+桑  晨+刘美丽
B3I103130,分子生物学,生物与医学工程学院,必修,核心专业类,2.0,郑  权
B3I103140,基因工程与蛋白质工程,生物与医学工程学院,必修,核心专业类,2.0,郑  权
B3I103150,细胞工程,生物与医学工程学院,必修,核心专业类,2.0,贡向辉+贾潇凌
B3I103160,反应器技术,生物与医学工程学院,必修,核心专业类,2.0,贡向辉+谢倍珍+贡向辉+谢倍珍
B3I103210,生物材料,生物与医学工程学院,必修,核心专业类,3.0,周  钢+刘海峰
B3I103220,医用金属材料,生物与医学工程学院,必修,核心专业类,3.0,顾雪楠
B3I103230,医用高分子材料,生物与医学工程学院,必修,核心专业类,3.0,牛旭锋+李林昊
B3I103240,医用无机非金属材料,生物与医学工程学院,必修,核心专业类,2.0,李晓明
B3I103250,生物材料检测与评价技术,生物与医学工程学院,必修,核心专业类,2.0,李  萍+李林昊
B3I103310,生物信息学,生物与医学工程学院,必修,核心专业类,3.0,胡大伟+陈晓芳
B3I103410,生物力学,生物与医学工程学院,必修,核心专业类,3.0,孙安强+宫赫+王丽珍
B3I103420,肌骨系统生物力学,生物与医学工程学院,必修,核心专业类,3.0,宫赫+刘笑宇+姚  杰
B3I103430,血流动力学,生物与医学工程学院,必修,核心专业类,3.0,孙安强
B3I103440,细胞生物力学,生物与医学工程学院,必修,核心专业类,2.0,贾潇凌+刘  肖+康红艳
B3I103450,生物力学实验技术,生物与医学工程学院,必修,核心专业类,2.0,孙安强+刘笑宇+姚  杰
B3I103510,生物医学电子,生物与医学工程学院,必修,核心专业类,3.0,张  弛
B3I103540,生物医学信号处理,生物与医学工程学院,必修,核心专业类,2.0,李  艳+李儒雅
B3I103550,生物医学传感器,生物与医学工程学院,必修,核心专业类,2.0,周  钢+王  豫+张  弛+岳蜀华
B3I123110,高级英语（1）,外国语学院,必修,核心专业类,2.0,胥国红+高  霞+刘巍巍
B3I123120,普通语言学导论,外国语学院,必修,核心专业类,2.0,卫乃兴
B3I123130,高级视听说（1）,外国语学院,必修,核心专业类,1.0,王孝杰
B3I123150,英美散文名篇,外国语学院,必修,核心专业类,2.0,宋  敏
B3I123160,高级德语（1）,外国语学院,必修,核心专业类,4.0,陈  群
B3I123170,德语国家文学史与作品选读（1）,外国语学院,必修,核心专业类,2.0,贺  克
B3I123180,德语语言学,外国语学院,必修,核心专业类,2.0,刘  璐
B3I123190,德语高级听力,外国语学院,必修,核心专业类,2.0,刘  璐
B3I13312A,汽车构造及拆装实习,交通科学与工程学院,必修,核心专业类,6.0,徐国艳+姬芬竹+王  岩+徐国艳+姬芬竹+王  岩
B3I13321A,工程流体力学,交通科学与工程学院,必修,核心专业类,2.0,康  宁
B3I13322A,汽车发动机原理,交通科学与工程学院,必修,核心专业类,2.0,杨世春+宋凌珺
B3I13334A,交通工程学,交通科学与工程学院,必修,核心专业类,2.0,鲁光泉
B3I13336A,智能交通系统,交通科学与工程学院,必修,核心专业类,2.0,田大新+于  滨+段续庭
B3I13339A,交通管理与控制,交通科学与工程学院,必修,核心专业类,2.0,吴新开+陈  鹏+丁  川
B3I13351A,航空发动机原理,交通科学与工程学院,必修,核心专业类,2.0,刘传凯
B3I13352A,空气动力学基础,交通科学与工程学院,必修,核心专业类,3.0,吴江浩+张艳来
B3I13353A,飞机结构适航的力学基础,交通科学与工程学院,必修,核心专业类,3.0,熊峻江+白江波
B3I13371A,土力学,交通科学与工程学院,必修,核心专业类,3.0,姚仰平+罗  汀
B3I13372A,混凝土结构设计原理,交通科学与工程学院,必修,核心专业类,5.0,刁  波
B3I13391A,自动控制原理B,交通科学与工程学院,必修,核心专业类,2.5,刘晓锋
B3I14312A,自动控制原理B,可靠性与系统工程学院,必修,核心专业类,2.5,王晓峰
B3I14321A,系统工程基础,可靠性与系统工程学院,必修,核心专业类,2.0,潘  星
B3I14322A,系统可靠性设计分析,可靠性与系统工程学院,必修,核心专业类,2.0,杨多明
B3I14361A,安全原理,可靠性与系统工程学院,必修,核心专业类,1.5,赵廷弟
B3I153010,自动控制原理B,宇航学院,必修,核心专业类,3.0,李惠峰+周  韬+邓忠民
B3I153110,飞行器结构力学,宇航学院,必修,核心专业类,3.0,赵丽滨
B3I153240,数字图象处理,宇航学院,必修,核心专业类,3.0,张  弘
B3I153250,数字信号处理,宇航学院,必修,核心专业类,3.0,史振威
B3I153310,工程热力学,宇航学院,必修,核心专业类,3.0,祝成民+王安良
B3I153320,工程流体力学,宇航学院,必修,核心专业类,2.0,徐  旭+陈  兵
B3I153330,气体动力学,宇航学院,必修,核心专业类,2.0,杨立军
B3I172220,工程光学（2）,仪器科学与光电工程学院,必修,核心专业类,3.0,刘惠兰+苏丽娟
B3I173260,微机原理与接口技术,仪器科学与光电工程学院,必修,核心专业类,2.5,冯仁剑+于  宁+吴银锋
B3I173270,自动控制原理（1）,仪器科学与光电工程学院,必修,核心专业类,3.5,魏  彤+魏  鹏
B3I173280,信号分析与处理,仪器科学与光电工程学院,必修,核心专业类,4.0,刘  震+王  睿
B3I193330,电动力学,物理科学与核能工程学院,必修,核心专业类,3.0,许怀哲
B3I193420,量子力学,物理科学与核能工程学院,必修,核心专业类,4.0,陈  勇+耿立升+陈华星+Manuel Pavon Valderrama
B3I193630,近代物理实验（1）,物理科学与核能工程学院,必修,核心专业类,2.0,钱建强
B3I193650,专业物理实验1（核物理）,物理科学与核能工程学院,必修,核心专业类,1.0,孙保华+王涛峰
B3I20321A,商法（含公司法和证券法）,法学院,必修,核心专业类,3.0,周学峰
B3I203310,国际公法,法学院,必修,核心专业类,3.0,高国柱+夏春利
B3I213110,操作系统与Linux内核导读,软件学院,必修,核心专业类,4.0,原仓周+原仓周
B3I213120,计算机网络与应用,软件学院,必修,核心专业类,4.0,王海泉
B3I213130,程序编译与运行,软件学院,必修,核心专业类,4.0,邵兵
B3I27319A,结构化学,化学学院,必修,核心专业类,4.0,周嘉嘉
B3I303110,空间等离子体数值模拟,空间与环境学院,必修,核心专业类,3.0,吕浩宇
B3I303130,等离子体物理学,空间与环境学院,必修,核心专业类,3.0,於益群
B3I303140,空间物理基础,空间与环境学院,必修,核心专业类,2.0,马玉端
B3J09321A,数理统计,数学与系统科学学院,必修,核心专业类,3.0,刘  超
B3I063110,编译技术,计算机学院,必修,核心专业类,3.0,张  莉+胡春明+史晓华+杨海燕+蒋  竞
B3I063140,数学建模,计算机学院,必修,核心专业类,2.0,刘正华+宋  晓
B3I063410,编译器课程设计,计算机学院,必修,核心专业类,1.5,张  莉+杨海燕+杨海燕+蒋  竞+杨海燕+史晓华+杨海燕+胡春明
B3I101240,生物与医学工程概论,生物与医学工程学院,必修,核心专业类,2.0,孙联文+易宗春+刘  红+邓小燕+蒲  放+荣  龙+李晓明+刘海峰+周前祥+岳蜀华
B3I121930,中西交流概要I,外国语学院,必修,核心专业类,2.0,徐  涛
B3I013280,航空航天结构材料,材料科学与工程学院,必修,核心专业类,3.0,宫声凯+马朝利+李  敏+李卫平
B3I013290,纳米材料基础,材料科学与工程学院,必修,核心专业类,3.0,于荣海
B3I023200,通信原理,电子信息工程学院,必修,核心专业类,3.5,肖振宇+徐  桢+刘  凯+张  涛+寇艳红
B3I023210,信息论基础,电子信息工程学院,必修,核心专业类,2.0,陈  杰+孙  兵+李景文+孙  兵+于  泽+孙  兵
B3I023220,自动控制原理,电子信息工程学院,必修,核心专业类,2.0,杨晨阳+袁运能+赵  巍
B3I023930,综合创新-综合设计,电子信息工程学院,必修,核心专业类,2.0,全绍辉+王  俊+徐华平+闫娟娟+刁为民+王文光+戴  飞+张杰斌+蔡开泉+张玉玺
B3I03302A,电机学,自动化科学与电气工程学院,必修,核心专业类,4.0,王自强
B3I03303A,电力电子技术A,自动化科学与电气工程学院,必修,核心专业类,3.0,石景波+张磊
B3I03304A,电力系统分析,自动化科学与电气工程学院,必修,核心专业类,4.0,王莉娜+吴  静
B3I03305A,电气信息测试技术,自动化科学与电气工程学院,必修,核心专业类,2.0,丁晓峰
B3I033121,自动控制原理A（2）（全英文）,自动化科学与电气工程学院,必修,核心专业类,2.0,王  薇
B3I03312A,自动控制原理A（2）,自动化科学与电气工程学院,必修,核心专业类,2.0,王艳东+左宗玉+诸  兵+张国峰
B3I033150,数字信号处理,自动化科学与电气工程学院,必修,核心专业类,2.5,袁  梅+王秋生+崔  勇
B3I033160,数字信号处理实验,自动化科学与电气工程学院,必修,核心专业类,1.0,袁  梅+王秋生+张军香+董韶鹏+崔  勇
B3I033170,计算机控制系统,自动化科学与电气工程学院,必修,核心专业类,2.0,夏  洁+周  锐
B3I033180,计算机测试系统,自动化科学与电气工程学院,必修,核心专业类,2.0,于劲松
B3I033190,计算机测试与控制系统实验,自动化科学与电气工程学院,必修,核心专业类,1.0,袁少强+董韶鹏
B3I043220,航空发动机结构强度（1）,能源与动力工程学院,必修,核心专业类,2.0,洪  杰
B3I043240,航空发动机原理（3）,能源与动力工程学院,必修,核心专业类,1.5,唐海龙
B3I043250,航空发动机结构强度（2）,能源与动力工程学院,必修,核心专业类,2.0,王延荣
B3I043260,航空发动机控制原理,能源与动力工程学院,必修,核心专业类,1.5,王  曦
B3I043430,动力装置原理,能源与动力工程学院,必修,核心专业类,2.0,袁  巍+陈  江+李绍斌
B3I043440,新能源技术基础,能源与动力工程学院,必修,核心专业类,2.5,额日其太+杨晓奕+杜  刚+甘志文
B3I043450,能源与动力测试,能源与动力工程学院,必修,核心专业类,2.0,全永凯
B3I043460,能源互联网系统工程,能源与动力工程学院,必修,核心专业类,1.0,刘友宏
B3I05313B,飞行器结构力学,航空科学与工程学院,必修,核心专业类,3.0,徐元铭+关志东+戴玉婷+李  书+吴志刚
B3I053160,飞行力学,航空科学与工程学院,必修,核心专业类,2.5,王立新+乐  挺+王维军+王衍洋+谭文倩
B3I05318B,力学中的数学方法,航空科学与工程学院,必修,核心专业类,4.0,高以天+邱志平+邱志平+陈来文+马  亮+贺小帆+贺小帆+蔡楚江+贺小帆+于  鑫
B3I05319B,飞行器环境控制,航空科学与工程学院,必修,核心专业类,2.5,杨春信+张兴娟+王  超+朱  磊
B3I073430,测试技术基础,机械工程及自动化学院,必修,核心专业类,2.0,韩晓建+郭兴旺+周正干
B3I073530,机电一体化系统设计与实践,机械工程及自动化学院,必修,核心专业类,2.0,陈殿生+刘  荣+韩金全+陈友东+陈友东+文  力
B3I073590,专业课程设计(2),机械工程及自动化学院,必修,核心专业类,1.0,张  融
B3I073710,摄影与测量,机械工程及自动化学院,必修,核心专业类,1.5,马金盛
B3I073720,交互编程技术,机械工程及自动化学院,必修,核心专业类,2.0,陈少强
B3I08120D,碳排放交易理论与实践,经济管理学院,必修,核心专业类,2.0,汤铃
B3I08143D,管理沟通与团队建设,经济管理学院,必修,核心专业类,2.0,苏文平
B3I08147D,企业资源计划,经济管理学院,必修,核心专业类,2.0,郝金星
B3I08148D,大型数据库应用实验,经济管理学院,必修,核心专业类,1.5,李  红
B3I08347D,审计学,经济管理学院,必修,核心专业类,2.5,潘立新
B3I08349D,资本运营,经济管理学院,必修,核心专业类,2.0,吴  蕾
B3I08351D,税法,经济管理学院,必修,核心专业类,2.0,邹  艳
B3I08352D,会计信息系统,经济管理学院,必修,核心专业类,2.0,白  明
B3I08354D,信息经济学,经济管理学院,必修,核心专业类,2.0,姚  忠
B3I08356D,决策与商务智能系统,经济管理学院,必修,核心专业类,2.0,姚  忠
B3I08359D,电子商务系统分析与设计,经济管理学院,必修,核心专业类,2.5,王  理
B3I08360D ,统计计算,经济管理学院,必修,核心专业类,2.0,康雁飞
B3I08361D,信息系统分析与设计,经济管理学院,必修,核心专业类,2.5,吴俊杰
B3I08364D,系统仿真及其应用,经济管理学院,必修,核心专业类,2.0,邹志红+张  楚
B3I08365D,人因工程,经济管理学院,必修,核心专业类,2.0,周荣刚
B3I08366D,信息系统开发与管理,经济管理学院,必修,核心专业类,2.5,刘冠男
B3I08367D,工程进度管理,经济管理学院,必修,核心专业类,1.5,李亚帅
B3I08369D,项目风险管理,经济管理学院,必修,核心专业类,1.5,徐  哲
B3I08370D,统计学习,经济管理学院,必修,核心专业类,2.0,马莹莹
B3I08371D,技术创新管理,经济管理学院,必修,核心专业类,2.0,宋文燕
B3I08372D,交通网络规划,经济管理学院,必修,核心专业类,2.5,王晨岚
B3I08374D,国际商法,经济管理学院,必修,核心专业类,2.0,田东文
B3I08380D,大数据平台基础,经济管理学院,必修,核心专业类,2.0,康雁飞
B3I08382D,R软件应用,经济管理学院,必修,核心专业类,1.5,马  杰
B3I08383D,金融工程原理,经济管理学院,必修,核心专业类,2.0,杨海军
B3I08385D,精算学,经济管理学院,必修,核心专业类,3.0,郑海涛
B3I08388D,数理金融学,经济管理学院,必修,核心专业类,2.0,陈靖楠
B3I08389D,行为金融学,经济管理学院,必修,核心专业类,2.0,刘善存
B3I08411D,行业节能,经济管理学院,必修,核心专业类,2.0,杨  捷
B3I08412D,能源经济文献选读,经济管理学院,必修,核心专业类,2.0,方  虹+刘  莹+喻雪莹+范  英+朱  磊+汤铃
B3I08413D,气候经济学,经济管理学院,必修,核心专业类,2.0,魏亿钢
B3I09321A,泛函分析,数学与系统科学学院,必修,核心专业类,3.0,严夺魁+罗  雪
B3I09322A,随机过程,数学与系统科学学院,必修,核心专业类,3.0,姜  鑫+骆顺龙
B3I09323A,代数几何,数学与系统科学学院,必修,核心专业类,3.0,陈亦飞
B3I09352A,数值逼近,数学与系统科学学院,必修,核心专业类,3.0,冯仁忠
B3I113260,公共经济学,人文社会科学学院,必修,核心专业类,2.0,简南红
B3I123140,中国文化经典读译,外国语学院,必修,核心专业类,2.0,王  泉
B3I123210,高级英语（2）,外国语学院,必修,核心专业类,2.0,刘巍巍+胥国红+高  霞
B3I123220,高级视听说（2）,外国语学院,必修,核心专业类,1.0,王孝杰
B3I123230,中国科技文明读译,外国语学院,必修,核心专业类,2.0,董  敏
B3I123240,高级德语(2),外国语学院,必修,核心专业类,4.0,梁  亮
B3I123250,德语国家文学史与作品选读(2),外国语学院,必修,核心专业类,2.0,贺  克
B3I123260,德语翻译实践(1),外国语学院,必修,核心专业类,2.0,温  静
B3I13313A,汽车理论,交通科学与工程学院,必修,核心专业类,3.0,丁能根+单颖春
B3I13314A,汽车与发动机设计,交通科学与工程学院,必修,核心专业类,4.0,刘献栋+徐  斌
B3I13315A,汽车制造工艺学,交通科学与工程学院,必修,核心专业类,2.0,徐国艳+周  煜
B3I13316A,汽车电子控制技术,交通科学与工程学院,必修,核心专业类,2.0,何勇灵+张  奇
B3I13331B,车辆保险与理赔,交通科学与工程学院,必修,核心专业类,1.0,林庆峰
B3I13332B,交通安全工程,交通科学与工程学院,必修,核心专业类,2.0,鲁光泉+林庆峰
B3I13333B,交通仿真,交通科学与工程学院,必修,核心专业类,2.0,陈  鹏
B3I13335A,交通运输学,交通科学与工程学院,必修,核心专业类,2.0,李红启
B3I13337A,交通大数据分析,交通科学与工程学院,必修,核心专业类,2.0,马晓磊
B3I13338A,交通规划,交通科学与工程学院,必修,核心专业类,2.0,丁  川
B3I13354A,飞机总体设计与适航,交通科学与工程学院,必修,核心专业类,3.0,柯  鹏
B3I13355A,飞行力学,交通科学与工程学院,必修,核心专业类,3.0,张曙光
B3I13373A,混凝土结构与砌体结构设计,交通科学与工程学院,必修,核心专业类,3.5,叶英华+郭全全
B3I13374A,钢结构设计原理,交通科学与工程学院,必修,核心专业类,3.0,屠永清
B3I13375A,土木工程施工,交通科学与工程学院,必修,核心专业类,3.0,罗  汀
B3I13376A,基础工程,交通科学与工程学院,必修,核心专业类,2.0,冯锦艳
B3I14324B,质量工程技术基础,可靠性与系统工程学院,必修,核心专业类,2.0,何益海
B3I14357B,维修性设计与分析,可靠性与系统工程学院,必修,核心专业类,1.5,周  栋
B3I14451B,元器件可靠性与质量保证,可靠性与系统工程学院,必修,核心专业类,1.5,付桂翠+张素娟
B3I153120,飞行动力学基础,宇航学院,必修,核心专业类,2.0,赵育善+师  鹏
B3I153130,航天飞行器结构原理,宇航学院,必修,核心专业类,2.5,黄  海+孟庆春+贾光辉+刘小明
B3I153140,航天飞行器动力学原理,宇航学院,必修,核心专业类,2.0,陈万春+韩  潮+陈  培
B3I153210,现代控制理论,宇航学院,必修,核心专业类,2.0,铁  林
B3I153220,惯性导航基础,宇航学院,必修,核心专业类,3.0,王新龙
B3I153230,制导与控制原理,宇航学院,必修,核心专业类,4.0,杨  博+宋  佳
B3I153260,模式识别,宇航学院,必修,核心专业类,3.0,曹晓光+谢凤英
B3I153340,传热学,宇航学院,必修,核心专业类,3.0,王海兴
B3I153350,火箭发动机原理,宇航学院,必修,核心专业类,4.0,梁国柱
B3I154210,目标探测与识别,宇航学院,必修,核心专业类,4.0,赵丹培
B3I170330,科技实践课（3）,仪器科学与光电工程学院,必修,核心专业类,2.0,吕妍红+张延顺+刘惠兰+张  晞
B3I173290,自动控制原理（2）,仪器科学与光电工程学院,必修,核心专业类,2.5,雷旭升+魏  彤+魏  鹏
B3I193430,固体物理（1）,物理科学与核能工程学院,必修,核心专业类,3.0,胜献雷+李  伟
B3I193440,原子核物理,物理科学与核能工程学院,必修,核心专业类,3.0,张时声+耿立升
B3I193640,近代物理实验（2）,物理科学与核能工程学院,必修,核心专业类,2.0,钱建强
B3I193660,专业物理实验2（核物理）,物理科学与核能工程学院,必修,核心专业类,1.0,张高龙+孙保华+王涛峰
B3I213220,软件系统分析与设计,软件学院,必修,核心专业类,3.0,谭火彬
B3I233110,面向对象设计与构造,高等理工学院,必修,核心专业类,2.5,诸彤宇+吴  际+荣文戈+诸彤宇+吴  际+荣文戈
B3I27329A,化学综合实验1,化学学院,必修,核心专业类,1.5,郭  林
B3I303120,空间数据分析基础,空间与环境学院,必修,核心专业类,3.0,李柳元
B3J09352A,数学软件,数学与系统科学学院,必修,核心专业类,3.0,夏  勇
B3I063130,软件工程,计算机学院,必修,核心专业类,2.0,姚淑珍+吴  际+尚利宏+欧阳元新+王德庆+罗  杰+任  健
B3I063610,学科技术前沿讲座,计算机学院,必修,核心专业类,1.0,李  波
B3I064110,研究方法论,计算机学院,必修,核心专业类,1.0,荣文戈+阮  利
B3I022121L,电子电路(1),电子信息工程学院,必修,核心专业类,3.5,白  琳+张骞允
B3I022160,电子电路（1）,电子信息工程学院,必修,核心专业类,4.5,张晓林
B3I022170,电磁场理论,电子信息工程学院,必修,核心专业类,4.0,杨顺川+任  强
B3I022180,信号与系统,电子信息工程学院,必修,核心专业类,4.0,熊庆旭
B3I083231L ,金融机构管理,经济管理学院,必修,核心专业类,3.0,蒋  虹
B3I102230,临床医学基础与医学伦理,生物与医学工程学院,必修,核心专业类,2.0,孙联文+黄  艳+汲  婧
B3I102290,人体工效学导论,生物与医学工程学院,必修,核心专业类,1.0,丁  立+柳忠起+周前祥
B3I121920,英美经典要义II,外国语学院,必修,核心专业类,2.0,徐  涛
B3I121940,中西交流概要II,外国语学院,必修,核心专业类,2.0,钱多秀
B3I121960,国际时事II,外国语学院,必修,核心专业类,2.0,Franny Solnic+Jonathan Borock
B2F050170,飞行器安全性与可靠性,航空科学与工程学院,必修,核心通识类,1.0,傅惠民
B2F050340,固体力学科研训练,航空科学与工程学院,必修,核心通识类,1.0,郭早阳
B2F100120,走近月宫一号,生物与医学工程学院,必修,核心通识类,1.0,刘  红
B2F110150,西方音乐史与名曲鉴赏,人文社会科学学院,必修,核心通识类,2.0,李爱华
B2F110240,动作语言分析与训练,人文社会科学学院,必修,核心通识类,2.0,井志伟+王 淼
B2F120210,语义学,外国语学院,必修,核心通识类,2.0,王洪磊
B2F130150,仿生交通导论,交通科学与工程学院,必修,核心通识类,2.0,田大新
B2F130190,道路与机场工程导论,交通科学与工程学院,必修,核心通识类,2.0,李  峰
B2F170140,谐振式传感器,仪器科学与光电工程学院,必修,核心通识类,2.0,樊尚春
B2F200150,证据法学,法学院,必修,核心通识类,2.0,初殿清
B2F200230,建设工程法,法学院,必修,核心通识类,2.0,王天凡+龙卫球
B2F241020,工业系统中的科学技术与实践一：智能机器人,中法工程师学院,必修,核心通识类,1.0,马纪明
B2F241030,工业系统中的科学技术与实践二：机械机构建模,中法工程师学院,必修,核心通识类,1.0,马纪明+张  瑾
B2F241040,工业系统中的科学技术与实践四：多旋翼无人机,中法工程师学院,必修,核心通识类,1.0,马纪明+韩  亮
B2F270130,光电高分子材料与应用,化学学院,必修,核心通识类,2.0,霍利军
B2F290280,名师研讨课 法律与社会,人文与社会科学高等研究院,必修,核心通识类,1.0,李亚梅
B2F020110,信息安全导论,电子信息工程学院,必修,核心通识类,1.0,刘建伟+伍前红+张宗洋
B2F020150,太空千里眼--空天遥感成像及其信息处理,电子信息工程学院,必修,核心通识类,1.0,王  俊+孙进平+许小剑
B2F020160,密码的奥秘,电子信息工程学院,必修,核心通识类,1.0,刘建伟+关振宇
B2F020170,电磁能量和电磁干扰,电子信息工程学院,必修,核心通识类,1.0,谢树果
B2F020180,指南者—定位导航技术,电子信息工程学院,必修,核心通识类,1.0,秦红磊+金  天
B2F020190,电子与电磁波的物理世界,电子信息工程学院,必修,核心通识类,1.0,阮存军
B2F020210,走进光电信息世界,电子信息工程学院,必修,核心通识类,1.0,郑  铮+万育航+刘建胜+郑  铮+万育航
B2F020220,走进自旋电子世界,电子信息工程学院,必修,核心通识类,1.0,张  悦+张有光+赵巍胜+张  悦+林晓阳+聂天晓
B2F020230,飞机神经中枢漫游,电子信息工程学院,必修,核心通识类,1.0,熊华钢+李  峭+王  彤+何  锋
B2F020240,隐身漫谈,电子信息工程学院,必修,核心通识类,1.0,武建华+李志平+王正鹏
B2F020250,走进无线互联与移动大数据,电子信息工程学院,必修,核心通识类,1.0,杨晨阳+韩圣千+刘婷婷
B2F020260,感知我们的地球,电子信息工程学院,必修,核心通识类,1.0,陈  杰+徐华平+于  泽+王鹏波+陈  杰+徐华平+王鹏波+孙  兵
B2F020390,电子信息工程导论,电子信息工程学院,必修,核心通识类,1.5,王祖林+张有光+赵巍胜
B2F030110,从弦弧近似到微积分,自动化科学与电气工程学院,必修,核心通识类,1.0,李运华+杨丽曼
B2F030120,系统控制前沿,自动化科学与电气工程学院,必修,核心通识类,1.0,贾英民+贾英民+李文玲
B2F030130,走进机器人世界,自动化科学与电气工程学院,必修,核心通识类,1.0,王少萍
B2F030140,自动化检测前沿与实践,自动化科学与电气工程学院,必修,核心通识类,1.0,袁海文
B2F030150,电机驱动与机器人,自动化科学与电气工程学院,必修,核心通识类,1.0,严  亮+严  亮+彭娟娟
B2F030160,仿生智能与无人机,自动化科学与电气工程学院,必修,核心通识类,1.0,段海滨+吴  江+段海滨+邓亦敏
B2F040120,燃烧室设计难点及前沿问题研讨,能源与动力工程学院,必修,核心通识类,1.0,黄  勇
B2F050180,载人航天史话与生命保障技术导论,航空科学与工程学院,必修,核心通识类,1.0,李运泽
B2F070120,中外艺术设计简史,机械工程及自动化学院,必修,核心通识类,2.0,王  鑫
B2F070160,机械之美,机械工程及自动化学院,必修,核心通识类,1.0,付永领+张德远+王田苗+李东升+丁希仑+王春洁+段桂江+李刘合+王田苗+李东升+丁希仑+王春洁+段桂江+李刘合+陈华伟+齐海涛
B2F110110,大学语文,人文社会科学学院,必修,核心通识类,2.0,石天强+于淑静+王维燕
B2F110130,音乐作品分析与欣赏,人文社会科学学院,必修,核心通识类,2.0,苏丹娜
B2F110140,舞蹈之美,人文社会科学学院,必修,核心通识类,2.0,井志伟+曾  乔
B2F110170,合唱与指挥,人文社会科学学院,必修,核心通识类,2.0,李爱华
B2F110190,美学基础,人文社会科学学院,必修,核心通识类,2.0,石天强
B2F110220,廉洁领导与管理,人文社会科学学院,必修,核心通识类,2.0,任建明
B2F110230,哲学问题导论,人文社会科学学院,必修,核心通识类,2.0,王  娜
B2F110250,科技哲学经典问题,人文社会科学学院,必修,核心通识类,2.0,王  妍
B2F110260,合唱与声乐艺术,人文社会科学学院,必修,核心通识类,2.0,苏丹娜
B2F120130,英语批判阅读与写作,外国语学院,必修,核心通识类,2.0,张晓君
B2F120150,英语演讲,外国语学院,必修,核心通识类,2.0,胥国红
B2F140110,失败的逻辑——你为什么失败,可靠性与系统工程学院,必修,核心通识类,2.0,潘  星
B2F140120,可靠de工程素养,可靠性与系统工程学院,必修,核心通识类,1.0,章文晋
B2F140130,确信飞机去哪了,可靠性与系统工程学院,必修,核心通识类,1.0,赵廷弟
B2F140140,质量与可靠性专业生态圈,可靠性与系统工程学院,必修,核心通识类,1.0,康  锐
B2F171120,仪器科学与科技文明,仪器科学与光电工程学院,必修,核心通识类,2.0,钱  政
B2F190110,趣味物理研讨课,物理科学与核能工程学院,必修,核心通识类,2.0,张国锋
B2F200180,影像中的司法与正义,法学院,必修,核心通识类,1.0,初殿清
B2F260120,中国美术史,新媒体艺术与设计学院,必修,核心通识类,2.0,宫万琳+叶  强+李  佳
B2F260130,西方美术与观念,新媒体艺术与设计学院,必修,核心通识类,2.0,张  晨+王  薇+王  成
B2F260170,文化衫设计与制作,新媒体艺术与设计学院,必修,核心通识类,2.0,宋泽惠+王  丹
B2F270110,环境与可持续发展,空间与环境学院,必修,核心通识类,2.0,范文宏
B2F280120,老庄哲学与人生智慧,马克思主义学院,必修,核心通识类,2.0,李富君
B2F280130,人生哲学,马克思主义学院,必修,核心通识类,2.0,郁树廷
B2F280160,哲学思维与应用,马克思主义学院,必修,核心通识类,2.0,谭裘麒+万林艳+赵义良+王  娜+谭裘麒+万林艳+王  娜+王江伟
B2F280170,古今茶文化,马克思主义学院,必修,核心通识类,2.0,田  真
B2F290140,亚当·斯密与《国富论》,人文与社会科学高等研究院,必修,核心通识类,2.0,康子兴
B2F290160,诗歌与中国文化,人文与社会科学高等研究院,必修,核心通识类,2.0,罗  旻
B2F290190,博弈与社会,人文与社会科学高等研究院,必修,核心通识类,2.0,段  颀
B2F290320,联邦党人文集与美国立宪辨析,人文与社会科学高等研究院,必修,核心通识类,2.0,田飞龙
B2F293480,中西哲学与文化比较,人文与社会科学高等研究院,必修,核心通识类,2.0,张耀南
B2F300130,空间科学导论,空间与环境学院,必修,核心通识类,1.0,刘文龙
B2F020270,雷达技术经典文献赏析,电子信息工程学院,必修,核心通识类,2.0,徐华平
B2F020280,微波成像技术前沿,电子信息工程学院,必修,核心通识类,1.0,陈  杰+王鹏波+孙  兵
B2F020290,信息前沿理论,电子信息工程学院,必修,核心通识类,1.0,黄  勤
B2F020310,自旋电子科技前沿,电子信息工程学院,必修,核心通识类,1.0,赵巍胜
B2F020320,万物互联——无线网络的前世今生,电子信息工程学院,必修,核心通识类,1.0,杨晨阳+韩圣千+刘婷婷
B2F020340,微波技术在你身边,电子信息工程学院,必修,核心通识类,1.0,苗俊刚+王正鹏
B2F020361,Scalable Similarity Search,电子信息工程学院,必修,核心通识类,1.0,孙小倩+Sebastian Wandelt
B2F020370,创业创新理论和实践,电子信息工程学院,必修,核心通识类,1.0,杨  晖
B2F020380,数字电视设计原理,电子信息工程学院,必修,核心通识类,2.0,张晓林+杨昕欣+张晓林+周  强+杨昕欣
B2F020410,高级信号处理前沿探讨,电子信息工程学院,必修,核心通识类,1.0,王向荣
B2F020420,电磁兼容技术前沿,电子信息工程学院,必修,核心通识类,1.0,戴  飞
B2F020430,光电子技术前沿——专业研讨课,电子信息工程学院,必修,核心通识类,1.0,郑  铮+万育航+赵  欣
B2F020440,高性能处理及其应用,电子信息工程学院,必修,核心通识类,1.0,王  俊
B2F020450,北斗高性能导航与应用,电子信息工程学院,必修,核心通识类,1.0,王志鹏+施  闯
B2F020460,未来协同空管新技术专业研讨课,电子信息工程学院,必修,核心通识类,1.0,蔡开泉
B2F020470,智能处理器,电子信息工程学院,必修,核心通识类,1.0,欧阳鹏+杨建磊+欧阳鹏
B2F020480,现代电子系统架构及设计方法,电子信息工程学院,必修,核心通识类,1.0,杨  晖+赵  岭
B2F020490,太赫兹科学技术前沿与应用,电子信息工程学院,必修,核心通识类,1.0,阮存军+吴晓君
B2F020510,实时通信技术 ,电子信息工程学院,必修,核心通识类,1.0,何  锋
B2F040140,高等两相湍流燃烧学,能源与动力工程学院,必修,核心通识类,1.0,王  方
B2F040160,吸气式发动机燃烧技术,能源与动力工程学院,必修,核心通识类,1.0,张  弛
B2F040250,系统工程研制方法,能源与动力工程学院,必修,核心通识类,1.0,陈志英+胡殿印+陈志英
B2F040310,叶轮机非定常流动导论,能源与动力工程学院,必修,核心通识类,1.0,孙晓峰+孙大坤
B2F040320,航空发动机安全性与适航,能源与动力工程学院,必修,核心通识类,1.0,丁水汀+刘传凯+李  果+邱  天
B2F050280,思想决定学术生涯的成败,航空科学与工程学院,必修,核心通识类,1.0,刘  波
B2F050330,动物运动的弹性机制,航空科学与工程学院,必修,核心通识类,1.0,杨嘉陵
B2F050350,飞机-发动机连接部件多专业设计,航空科学与工程学院,必修,核心通识类,1.0,熊跃熙
B2F080130,创新创业方法论——基于案例与实践,经济管理学院,必修,核心通识类,2.0,周  宁+韩小汀+曹  明+贾子超+周  宁+韩小汀+曹  明+邓  路
B2F100130,科技与产业（名师研讨课）,生物与医学工程学院,必修,核心通识类,1.0,郑诚功
B2F110160,中国现代文学三十年,人文社会科学学院,必修,核心通识类,2.0,于淑静
B2F110340,舞蹈艺术表演实践,人文社会科学学院,必修,核心通识类,2.0,井志伟+黄婷婷
B2F140190,复杂网络理论及应用,可靠性与系统工程学院,必修,核心通识类,1.0,李大庆
B2F080110,经济管理,经济管理学院,必修,核心通识类,2.0,单  伟+李亚帅+刘天亮+罗开平+张人千+贾国柱+王玉灵+张  楚+罗开平+杨  敏+吴春林
B2F020350,复杂网络前沿探讨,电子信息工程学院,必修,核心通识类,1.0,孙小倩+Sebastian Wandelt
B2F040110,我国航空发动机研发的关键制约因素研讨,能源与动力工程学院,必修,核心通识类,1.0,黄  勇
B2F040170,发动机研制概论,能源与动力工程学院,必修,核心通识类,1.0,陈志英+陆利蓬
B2F040180,科学实验方法,能源与动力工程学院,必修,核心通识类,1.0,于金龙+柳阳威+孙大坤
B2F040270,航空发动机典型故障与设计关系,能源与动力工程学院,必修,核心通识类,1.0,申秀丽
B2F040280,航空发动机试验测试导论,能源与动力工程学院,必修,核心通识类,1.0,马宏伟
B2F040290,无人机动力,能源与动力工程学院,必修,核心通识类,1.0,闫晓军
B2F050390,航空科学大观,航空科学与工程学院,必修,核心通识类,1.0,李  敏
B2F080150,经济与管理前沿导论,经济管理学院,必修,核心通识类,1.0,贾素玲+刘志新+任若恩+韩立岩+贾国柱+吴俊杰+欧阳桃花+范  英+刘志新+黄海军+韩立岩+贾国柱+赵尚梅+吴俊杰+欧阳桃花+范  英
B2F120120,英国社会与文化 （英语授课）,外国语学院,必修,核心通识类,2.0,宫海荣
B2F120170,文学与人生,外国语学院,必修,核心通识类,2.0,宋  敏
B2F120250,德国概况（汉语授课）,外国语学院,必修,核心通识类,2.0,贺  克
B2F140150,可靠性物理,可靠性与系统工程学院,必修,核心通识类,2.0,陈云霞
B2F140160,状态感知：自然-人-机器,可靠性与系统工程学院,必修,核心通识类,1.0,吕  琛
B2F140170,可靠性工程概论,可靠性与系统工程学院,必修,核心通识类,1.0,康  锐
B2F140180,上帝掷骰子吗？漫谈网络可靠性分析与预测,可靠性与系统工程学院,必修,核心通识类,1.0,黄  宁
B2F170150,仪器科学概览,仪器科学与光电工程学院,必修,核心通识类,1.0,钱  政
B2F170160,先进导航系统概论,仪器科学与光电工程学院,必修,核心通识类,2.0,李建利+李建利+全  伟
B2F170510,创新工程实践,仪器科学与光电工程学院,必修,核心通识类,2.0,冯丽爽+胡姝玲
B2F171130,激光雷达--从探索到成像,仪器科学与光电工程学院,必修,核心通识类,1.0,徐立军+李小路
B2F171140,感知与重构三维世界,仪器科学与光电工程学院,必修,核心通识类,1.0,魏振忠
B2F171210,北斗照我前行,仪器科学与光电工程学院,必修,核心通识类,1.0,吴发林+赵  剡+吴发林
B2F171220,视觉感知与导航,仪器科学与光电工程学院,必修,核心通识类,1.0,许  东+张  勇+许  东
B2F171230,光电传感器,仪器科学与光电工程学院,必修,核心通识类,1.0,张春熹+张春熹+王夏霄+冯  迪+刘  杨
B2F171240,空天探测导论,仪器科学与光电工程学院,必修,核心通识类,1.0,刘  杨
B2F171250,神奇的量子仪器,仪器科学与光电工程学院,必修,核心通识类,1.0,袁  珩
B2F171310,微纳传感与探测,仪器科学与光电工程学院,必修,核心通识类,1.0,冯丽爽+冯丽爽+李立京+周  震+孙鸣捷
B2F171320,空间光电及量子光学,仪器科学与光电工程学院,必修,核心通识类,1.0,宋凝芳+宋凝芳+金  靖+徐小斌
B2F171420,另眼看世界--光谱成像漫谈,仪器科学与光电工程学院,必修,核心通识类,1.0,袁  艳
B2F200110,法律与科技,法学院,必修,核心通识类,2.0,周学峰
B2F200120,知识产权法,法学院,必修,核心通识类,2.0,孙国瑞
B2F200250,刑法原理,法学院,选修,核心通识类,3.0,郑丽萍+王永茜
B2F260110,创意设计与生活,新媒体艺术与设计学院,必修,核心通识类,2.0,张  雪+宋泽惠+王  可+刘  恪+宋泽惠+王  可+刘  恪
B2F260140,电影与新媒体艺术,新媒体艺术与设计学院,必修,核心通识类,2.0,於  水+刘  恪+刘  恪+张  引
B2F260160,摄影艺术鉴赏与基础,新媒体艺术与设计学院,必修,核心通识类,1.0,谷久文+王  硕
B2F270140,纳米技术与人类生活,化学学院,必修,核心通识类,1.0,周  苇+朱  英+郑咏梅+吴俊涛+周  苇+刘  欢+王广胜+王  华
B2F270160,化学前沿导论,化学学院,限修,核心通识类,1.0,刘宇宙
B2F270170,魅力化学,化学学院,限修,核心通识类,1.0,高龙成
B2F280140,宗教与社会文化,马克思主义学院,必修,核心通识类,2.0,田  真
B2F280150,中国传统文化概论,马克思主义学院,必修,核心通识类,2.0,彭付芝
B2F290120,《诗经》选读,人文与社会科学高等研究院,必修,核心通识类,2.0,罗  旻
B2F290130,《孟子》研读,人文与社会科学高等研究院,必修,核心通识类,2.0,顾家宁
B2F290220,中国历史纲要,人文与社会科学高等研究院,必修,核心通识类,2.0,李  静
B2F290250,欧洲中世纪史,人文与社会科学高等研究院,必修,核心通识类,2.0,余成峰
B2F290260,意大利文艺复兴,人文与社会科学高等研究院,必修,核心通识类,2.0,陈  绮
B2F290270,现代社会的诞生,人文与社会科学高等研究院,必修,核心通识类,2.0,康子兴
B2F290330,传播学概论,人文与社会科学高等研究院,必修,核心通识类,2.0,陈  思
B2F300110,当代环境问题新生研讨课,空间与环境学院,必修,核心通识类,1.0,范文宏
B2F300160,空间科学前沿,空间与环境学院,必修,核心通识类,1.0,刘文龙
B2F300170,环境科学与工程前沿,空间与环境学院,必修,核心通识类,1.0,李  想
B2F300210,环境与可持续发展,空间与环境学院,必修,核心通识类,2.0,卢善富
B2F301110,空间科学新生研讨课,空间与环境学院,必修,核心通识类,1.0,吕浩宇+曹晋滨+符慧山+李柳元+刘文龙+於益群+刘  焱+张海青+吕浩宇
B2F320110,工程材料,工程训练中心,必修,核心通识类,2.0,孙  兼
B2F100110,医工交叉研究与技术创新方法,生物与医学工程学院,必修,核心通识类,1.0,樊瑜波
B2F100141,生物医学影像漫谈,生物与医学工程学院,必修,核心通识类,1.0,李德玉
B2F110330,名师研讨课 法律与社会,人文社会科学学院,必修,核心通识类,1.0,李亚梅
B2F110350,中国美术史,人文社会科学学院,必修,核心通识类,2.0,叶山岭
B2F200260,航空航天法,法学院,选修,核心通识类,2.0,刘  浩+FabioTronchetti
B2F241050,工业系统中的科学技术与实践三：现代工业系统的设计分析方法,中法工程师学院,必修,核心通识类,1.0,马纪明
B2F241060,工业系统中的科学技术与实践五：现代工业系统控制方法与实现,中法工程师学院,必修,核心通识类,1.0,马纪明
B2F270120,仿生材料化学,化学学院,必修,核心通识类,2.0,赵  勇+衡利苹
B2F020130,从智能手机谈起,电子信息工程学院,必修,核心通识类,1.0,张有光+林晓阳
B2F030260　,控制科学与电气工程学科前沿,自动化科学与电气工程学院,必修,核心通识类,1.5,富  立+刘  中+丁晓峰+李  阳+吕金虎
B2F050130,现代大学概论,航空科学与工程学院,必修,核心通识类,2.0,刘沛清+杨义川
B2F050140,能源概论,航空科学与工程学院,必修,核心通识类,2.0,邢玉明
B2F050260,氢能的奥秘,航空科学与工程学院,必修,核心通识类,1.0,徐伟强
B2F080140,经济学原理,经济管理学院,必修,核心通识类,2.0,韩立岩+朱  磊+赵尚梅+秦中峰
B2F130110,智能汽车设计与制作,交通科学与工程学院,必修,核心通识类,2.0,王  建+余贵珍
B2F130130,新生研讨课-建筑结构,交通科学与工程学院,必修,核心通识类,1.0,吴  超
B2F130140,汽车新技术新生研讨课,交通科学与工程学院,必修,核心通识类,1.0,林海英+刘献栋+徐向阳+孙凌玉+姬芬竹+许  骏+张  辉
B2F170130,视觉测量技术及应用,仪器科学与光电工程学院,必修,核心通识类,1.0,赵慧洁+李旭东+姜宏志
B2F171430,光电子技术基础,仪器科学与光电工程学院,必修,核心通识类,1.0,肖  文
B2F190120,物理先修课,物理科学与核能工程学院,必修,核心通识类,2.0,舒小林+金  硕
B2F190130,物理思想纵横,物理科学与核能工程学院,必修,核心通识类,1.0,周  顺
B2F200240,宪法原理,法学院,必修,核心通识类,3.0,杨登杰+王  锴+翟志勇
B2F210120,走进软件,软件学院,必修,核心通识类,1.5,张  莉+葛  宁+李祺+张  莉+葛  宁+李祺+路新喜+张  莉+葛  宁+李祺+邵兵+张  莉+杜孝平+葛  宁+李祺+张  莉+葛  宁+李祺+杨晴虹
B2F280180,哲学问题导论,马克思主义学院,必修,核心通识类,2.0,王  娜
B2F293490,媒介素养,人文与社会科学高等研究院,必修,核心通识类,2.0,陈  思
B2F300120,环境研讨课 ,空间与环境学院,必修,核心通识类,1.0,孙轶斐+夏  丹
B2F300150,环境科学与工程前沿,空间与环境学院,必修,核心通识类,1.0,朱天乐+梁大为+卢善富+李  想+汪群慧
B2F390110,网络空间安全导论,网络空间安全学院,必修,核心通识类,1.5,刘建伟+张宗洋
B2F390120,密码的奥秘,网络空间安全学院,必修,核心通识类,1.0,刘建伟+关振宇
B2F020520,导航定位技术前沿,电子信息工程学院,必修,核心通识类,1.0,秦红磊+路  辉+金  天+丛  丽
B2F050160,湍流起源,航空科学与工程学院,必修,核心通识类,1.0,王晋军
B2F050220,近代流体测试技术,航空科学与工程学院,必修,核心通识类,2.0,冯立好
B2F130170,智能交通导论,交通科学与工程学院,必修,核心通识类,2.0,王云鹏
B2F213110,互联网软件创新创意创业,软件学院,必修,核心通识类,1.5,王海泉
B2F020550,电子信息商业案例分析,电子信息工程学院,必修,核心通识类,2.0,张有光
B2F020540,走进存储器世界,电子信息工程学院,必修,核心通识类,1.0,康  旺
B2F030170,数学、控制与智能,自动化科学与电气工程学院,必修,核心通识类,1.0,郭  雷+张  霄+乔建忠
B2F030180,电气工程学科回顾与展望,自动化科学与电气工程学院,必修,核心通识类,1.0,郭  宏+武建文
B2F030190,云制造与工业4.0,自动化科学与电气工程学院,必修,核心通识类,1.0,张  霖+陶  飞+任  磊+赖李媛君
B2F030210,嵌入式系统与智能检测,自动化科学与电气工程学院,必修,核心通识类,1.0,肖  瑾
B2F030220,精确制导与精确制导武器,自动化科学与电气工程学院,必修,核心通识类,1.0,任  章
B2F030240,工业机器人控制实践,自动化科学与电气工程学院,必修,核心通识类,2.0,富  立+王玲玲
B2F040360,航空航天动力史话,能源与动力工程学院,必修,核心通识类,1.0,王  强
B2F070140,机械工程概论,机械工程及自动化学院,必修,核心通识类,1.0,宗光华
B2F070170,艺术与科学实验室,机械工程及自动化学院,必修,核心通识类,2.0,陈  路
B2F082210,商法,经济管理学院,必修,核心通识类,2.0,周建涛
B2F100131,进化、行为与生态,生物与医学工程学院,必修,核心通识类,1.0,陈建安
B2F110290,行政管理学,人文社会科学学院,必修,核心通识类,3.0,涂晓芳+任丙强+胡象明+杜治洲+任建明
B2F110310,政治经济学,人文社会科学学院,必修,核心通识类,2.0,隋学礼+沈映春
B2F110320,公民权利,人文社会科学学院,必修,核心通识类,2.0,李亚梅
B2F140210,从航天器在役健康管理起航：科研、工程技术与创新,可靠性与系统工程学院,必修,核心通识类,2.0,陶来发
B2F170530,创新思维、方法与实践,仪器科学与光电工程学院,限修,核心通识类,2.0,胡姝玲
B2F300190,环境污染与健康风险评估实践,空间与环境学院,必修,核心通识类,1.0,李晓敏+董兆敏
B1C24111A,基础法语（1）,中法工程师学院,必修,语言类,10.0,崔  敏+陈  威
B1C24121A,法语视听说（1）,中法工程师学院,必修,语言类,3.0,崔  敏+于  姗
B1C24131A,初级科技法语(1),中法工程师学院,必修,语言类,1.0,林立婷+陈威
B1C251191L,HSK三级,国际学院,选修,语言类,1.0,朱明媚
B1C123110,二外德语（3）,外国语学院,必修,语言类,2.0,梁  亮
B1C123120,二外法语（3）,外国语学院,必修,语言类,2.0,杨  榕
B1C123130,二外日语（3）,外国语学院,必修,语言类,2.0,吴向红
B1C251110L,基础科技汉语（1）,国际学院,必修,语言类,4.0,王婷婷+王晓梅
B1C251130L,基础汉语（1）,国际学院,必修,语言类,4.0,郭莉萍
B1C251140L,交际汉语,国际学院,必修,语言类,2.0,郭莉萍
B1C251151L,汉语（1）,国际学院,必修,语言类,4.0,魏扬秀
B1C251210L,中国概况,国际学院,必修,语言类,2.0,朱明媚
B1C251221L,中国概况,国际学院,必修,语言类,2.0,孙岩
B1C252111L,汉语（3）,国际学院,必修,语言类,4.0,魏扬秀
B1C123210,二外德语（4）,外国语学院,必修,语言类,2.0,梁  亮
B1C123220,二外法语（4）,外国语学院,必修,语言类,2.0,杨  榕
B1C123230,二外日语（4）,外国语学院,必修,语言类,2.0,吴向红
B3I062160,操作系统,计算机学院,必修,核心专业类,3.0,姜 博+王 雷+孙海龙+沃天宇+龙 翔
B3I062320,操作系统课程设计,计算机学院,必修,核心专业类,1.5,姜 博+王 雷+孙海龙+沃天宇+龙 翔
B3I061130,离散数学（2）,计算机学院,必修,核心专业类,3.5,杜博文+吕卫锋+邓 婷+李建欣
B3J062830,C++与C#程序设计,计算机学院,选修,一般专业类,2.0,盛 浩+刘 禹
B3J212820,Objective C 面向对象程序设计,软件学院,选修,一般专业类,1.0,李 祺
B3J062720,密码学基础,计算机学院,选修,一般专业类,3.0,郭 华+姚燕青
B3J062730,密码学课程实践,计算机学院,选修,一般专业类,1.0,郭 华
B3I062110,计算机组成,计算机学院,必修,核心专业类,4.0,高小鹏+杨建磊+肖利民+栾钟治+牛建伟+刘旭东
B3J062810,Java程序设计,计算机学院,选修,一般专业类,1.0,李 波
B3I062120,算法设计与分析,计算机学院,必修,核心专业类,2.0,许 可+韩 军+盛 浩
B1B022160,单片机基础,电子信息工程学院,必修,工程基础类,1.0,王 俊+张玉玺
B3I23241A,数据结构,高等理工学院,必修,核心专业类,3.0,李 波
B3J212810,HTML5开发技术,软件学院,选修,一般专业类,1.0,李 祺
B3I062610,职业规划与选择讲座,计算机学院,必修,核心专业类,0.5,刘 睿
